:020000040000fa
:020000041fc01b
:100000000300001000000000f0f3060000000000f4
:100010000600f00f0000000000601a40c0045a7f84
:100020000500401300000000029d1a3c20905a2752
:10003000080040030000000002801d3cf0ffbd27c7
:1000400000801c3cf07f9c27026009402058200162
:1000500007000a248449497d02608940c0000000ed
:1000600000e0dc41ffff4a25faff401500000000d8
:1000700002608b40c0000000029d083c7c93082574
:1000800009f8000100000000019d083cb84b08255c
:1000900009f80001000000000080083c4c00082521
:1000a0000080093ca4002925030000100000000086
:1000b000000000ad040008252b080901fcff2014f6
:1000c00000000000c0bf083c7005082509f80001c9
:1000d00000000000019d083ccc67082509f80001dc
:1000e0000000000081bf093c00000a3c50024a2584
:1000f000e0072aad0000093c00002925010020117d
:100100000000000000488040ffff0a2400588a4099
:100110004000083c00600a4025500a0100608a4007
:10012000009d093c00002925c0000000017889409d
:100130000000093c0100292500000a2444492a7dc9
:1001400001608a408000093c0068894000800840c6
:100150008005097d404c0900006008405800013cc2
:100160002440010100010a3c2540480100240a3cca
:1001700025404801254028010060884000010a3cd4
:1001800000f8ca44c0000000029d083c8493082582
:1001900009f800010000000000600840bfff013cba
:1001a000ffff2134244001010060884000008430ba
:1001b0000000a530019d083cb0770825080000012b
:0401c000000000003b
:020000040000fa
:020000041fc01b
:10038000029d1a3c68915a270800400300000000b3
:020000040000fa
:020000041fc01b
:1004b0000080094000000a2400000b2400000d24e5
:1004c00000000e240080013c244021012500001181
:1004d00001800940000000003800013c2440210157
:1004e000c24408000f0000110000000001000825b0
:1004f0000700013c2460210102640c0001008c25ee
:100500002550800101000b2404580b0104500a01fe
:10051000c001013c24402101824508000600082555
:1005200004500a01001c2831824208000d0000110d
:10053000000000000100082580032f31c2790f0060
:100540000100ef252568e00101000e2404700e0172
:1005500004680d0100e02831424308000600082528
:1005600004680d010800e003000000000000000026
:100570000080084007000924244828010200293986
:1005800004002011000000000800e003000000004b
:10059000000000002518e003c5ff11040000000062
:1005a00000600840feff0924244828010400293582
:1005b00000608940c000000000d0804000e0804022
:1005c000c0000000009d043c000084240100801451
:1005d000009d043c0400401121288a0021208b004a
:1005e000feff8514fcff88bc0080043c00008424ce
:1005f000010080140080043c0400a01121288d001b
:1006000021208e00feff8514fcff89bc0f00000036
:100610000080013c28002aac0080013c34002dac55
:100620000080013c2c002bac0080013c38002eac3b
:100630000080013c30002cac0080013c3c002fac21
:1006400000608840c0000000008009400700293594
:10065000070029390300293500808940c0000000c7
:1006600025f860000800e003000000000000000022
:020000040000fa
:020000041d00dd
:10000000019d1a3cc4405a2708004003000000002c
:020000040000fa
:020000041d00dd
:10010000019d1a3cec3f5a27080040030000000004
:020000040000fa
:020000041d00dd
:10018000019d1a3c383e5a27080040030000000039
:020000040000fa
:020000041d00dd
:100200000843400b00000000833e400b000000004c
:10021000f73e400b000000006b3f400b0000000069
:10022000df3f400b000000005340400b0000000087
:10023000c740400b000000003b41400b00000000a5
:10024000af41400b000000002342400b00000000c3
:100250000000023c00004224070040100000023c65
:100260000000422405004050019d023c3f00007008
:100270000800e00300000000019d023cc07f422412
:10028000030040100000000009f8400000000000da
:080290000800e003000000007b
:020000040000fa
:020000041fc01b
:10067000000000d01f00c0001f00c400000000d216
:100680001f00c8001f00cc00000000f01700c000d1
:100690001700c400000000f21700c8001700cc00cb
:020000040000fa
:020000041fc01b
:1004800000f89b40c0000000019d1b3cc07f7b2703
:10049000020060130000000000c09b4000f81b40f9
:0c04a000c00000001f000042000000002f
:020000040000fa
:020000041fc01b
:04ffc000ffffffff41
:020000040000fa
:020000041fc01b
:04ffc4001ab1f9ff76
:020000040000fa
:020000041fc01b
:04ffc80039fc745f2d
:020000040000fa
:020000041fc01b
:04ffcc00dbf7ffff61
:020000040000fa
:020000041fc01b
:04ffdc00ffffffff25
:020000040000fa
:020000041fc01b
:04fff000ffff00000f
:020000040000fa
:020000041d00dd
:10029800a8ffbd274400b5af5400958c4000b4af0b
:1002a8003800b2af3400b1af5400bfaf5000beaf9a
:1002b8004c00b7af4800b6af3c00b3af3000b0afaa
:1002c8000a00b09225a080002000a0a3ff001232ef
:1002d800040042320d0040101401918c5000858cae
:1002e8001c0180ac01000324020004240f01a310a8
:1002f800700084ae0400288e040000112530000030
:100308000800248e09f80001020005240100493282
:100318000800201102004c3204002a8e0901401105
:10032800253000000800248e09f840010400052447
:1003380002004c32070080110800533204002d8e51
:100348000c00a011253000000800248e09f8a00137
:1003580003000524070060120000000004002e8e30
:100368000400c011253000000800248e09f8c001df
:10037800070005240200b6966c00908e0400b7961c
:10038800ff00d6320100cf32ff00f7322000e01123
:10039800259000020e00b8920418187c0e00b8a22e
:1003a8000201b992ff003e330400df330c00e01372
:1003b8001000c3330201b1920c00028e2000058e9a
:1003c8008410117c4408027c4408057c1c0180ae22
:1003d8000201b1a20c0002ae200005ae1000c3332a
:1003e800980060140100c633be01c0101c01848e41
:1003f800fcff8c2404009f2d9a00e0571c0180ae5e
:100408009800801009000d2417018d500000048efb
:1004180001001124280013240200102424f81602d5
:100428003e00e013ff003e321400792621285902cd
:100438000c00ad8c0100aa31390040512428170264
:10044800005911002150ab020201449120008c3068
:100458005f008015000000000000a48c2f008010b1
:10046800feff0f240800878ca900ef5018008b8c22
:100478002000888ce9000015010018241000868ce3
:100488008000c230d70040140000000018008d8c96
:100498000c00998c080080ac070020130000adac5c
:1004a8002c00aaaf09f820032800a5af2800a58fc3
:1004b8002c00aa8f0000ad8c1800a0112800aaaf4c
:1004c80001001f242000ab271800bfaf1400abaffa
:1004d8001000adaf010007242530c003380a400fd3
:1004e800252080022000a5930d00a01424281702bf
:1004f8002800ac8f10002e2600490e0002018491be
:100508002178a90201000824fb008730020187a195
:100518000200f8910400187d0200f8a124281702af
:100528001300a05001003126217053020c00d28d17
:10053800010044320e0080500100312600491100ac
:100548002190a90206014792ff00ef304000f831e0
:100558001a000017000000000000c98d03002011d8
:100568000100e2311f0040540800398d0100312696
:1005780004000b2405002b1228007326408010006d
:10058800ffff1032a5ff00106c00928e5400bf8f41
:100598005000be8f4c00b78f4800b68f4400b58f0f
:1005a8004000b48f3c00b38f3800b28f3400b18f55
:1005b8003000b08f0800e0035800bd2706014892bc
:1005c800bf000331060143a2e4ff00100000c98dfb
:1005d80002014e91df00c931020149a19fff0010bd
:1005e8000000a48cfeff0d245b002d1710002326ad
:1005f8001800288d001103000000c8ad21c8a20210
:1006080004002d8f0004a67d0400c0100000000027
:1006180006002a930421ca7c06002aa306015e92da
:100628000c00388dfe00df3306015fa2d0ff0053b7
:100638000100312609f8000325202001ccff001015
:10064800010031260201a89201001124c439287e34
:100658000201a8a26effc0101c0180ae02000010ab
:100668000c00058e0c00058e2000038e0000048e01
:100678004408057c4408037c0c0005ae200003ae4a
:1006880063ff8010259000022000a78e0000898c4f
:100698001800868c0c00988c000027ad2000b38ec3
:1006a80002000f2408000224040033ad0000328148
:1006b80002f4130008008fac040082ac030000139e
:1006c800000006ae09f80003000000000c000c8ec4
:1006d8005800c01702009f314dffe0576c00928e02
:1006e80051024006400007241400128eee01401209
:1006f800040002240600052448000624080042ae2f
:100708001c0185ae1200a6a241ff00106c00928e5b
:100718000c008c8c81ff80110000abac09f88001c3
:10072800000000007eff0010242817020000a68e9b
:100738000003c77ceffee054700085aeeefe0010ab
:100748000400288e02004b320aff6015080053325d
:1007580000ff001000000000010006242000aa2766
:100768001800a6af1400aaaf2530c0031000a9af27
:10077800253800002528c001252080022c00a9afbb
:10078800380a400f2800aeaf2000be9378ffc0574c
:100798000100312606015f922800ab8f2c00a98f3b
:1007a800fe00e43304006c9504002e8d060144a27b
:1007b8002000328d2b284c00b200a0102b384e029e
:1007c80018002f8d0c00388d080027ad040032adbd
:1007d800200020ad97ff001700006fad64ff0010e8
:1007e800010031260201439110002226c439067cfb
:1007f800fb00793000690200100086ac2130ad02a0
:10080800020159a10200ca9001001f240400ea7fd6
:100818000200caa042ff0010242817022000a327c4
:100828002800aaaf1800b8af1400a3af29ff001022
:100838001000a4aff6fee0576c00928e4000192419
:10084800a10140061200b9a200000d8e0902a011f4
:1008580009000b24040004241c018bae6c00928e4a
:10086800ebfe00100800a4adeafe80100100112480
:1008780054008a8e00008b8c2000938c0801528dc6
:10088800ff3f59326100201320004f2507003e33f7
:10089800251000003200c0132198730101000e24b6
:1008a8002800ce13020008242100c81303001124d5
:1008b8001a00d113040005241300c51305000324ee
:1008c8000c00c313060006240600c61303005830a4
:1008d8000000e79101000224ff00e930000069a24e
:1008e800030058308a61f87d21f862020100422431
:1008f8000000eca303004d308a51ed7d21586202bf
:100908000100422400006aa1030052308af1f27dfe
:1009180021706202010042240000dea10300483079
:100928008a89e87d21286202010042240000b1a0e2
:10093800030043308a31e37d2138620201004224fa
:100948000000e6a0030049308ac1e97d2160620207
:1009580001004224000098a12c0022532000938c0f
:1009680003005f308a69ff7d01004a242158620232
:1009780000006da1030052318af1f27d02004e247d
:1009880021406a0200001ea10300d1318a29f17dad
:100998000300432421306e020000c5a00300673025
:1009a8008a49e77d0400582421606302000089a178
:1009b80003001f338a69ff7d05004a242158780205
:1009c80000006da1030052318af1f27d06004e2429
:1009d80021406a0200001ea10300d1318a29f17d5d
:1009e8000700432421306e020000c5a003006730d1
:1009f8008a49e77d21c0630208004224000009a358
:100a0800d8ff221703005f302000938c217833032e
:100a18004000022420008fac1200a2a204000c9611
:100a28002000a0a320009f8c2bc82c0304002017b3
:100a380004008d8c2b50ed0375fe40556c00928e92
:100a480018008b8c0c00928c2bf0bf0108009eac18
:100a580004009fac0300401200000bae09f84002ee
:100a6800000000001400048e0f01801006001024fe
:100a780008000e241c0190ae1200aea264fe001005
:100a88006c00928ebafee054010031264dff001032
:100a980018002f8d0c00838c140005ae0300601025
:100aa800080080ac09f86000000000000000048e17
:100ab8000a0080501c0180ae1800868c0c00878cc0
:100ac800080080ac040080ac0300e010000006ae13
:100ad80009f8e000000000001c0180ae4cfe001088
:100ae8006c00928e0700072465008714060008240e
:100af8001400048e47fe80100100112420008b8c06
:100b08006f00605518000a961000888c02000a31a0
:100b1800db0040118000113118008b8c0c00928c86
:100b280014000bae03004012080080ac09f8400224
:100b38000000000014000c8ee00080110400112455
:100b480020008d8d18000f960000848d2bc8af01f2
:100b5800410120135400988e04008e8dffffbf3191
:100b68004801a0112398cd01217093000700a831f6
:100b7800250000112150ae01010011241d001111a2
:100b880002000524180005110300032413000311b3
:100b9800040006240e0006110500072409000711a9
:100ba80006000924050009510000d2910000cb91ec
:100bb8000100ce2520000ba30000d2910100ce2514
:100bc800200012a30000cf910100ce2520000fa322
:100bd8000000c4910100ce25200004a30000d99193
:100be8000100ce25200019a30000de910100ce25ca
:100bf80020001ea30000d3910100ce25200013a3de
:100c080015004e5118000f960000c2910800ce251d
:100c1800200002a3f9ffc891200008a3faffd19190
:100c2800200011a3fbffc591200005a3fcffc39181
:100c3800200003a3fdffc691200006a3feffc79175
:100c4800200007a3ffffc991200009a3efff4e551d
:100c58000000c29118000f962000828d23804d005d
:100c68002bc0ef032000a0a37d000013200090ad4f
:100c78000a0009241200a9a2e5fd00106c00928e5a
:100c8800e4fd8814010011241400048ee2fd801094
:100c9800280013241800898c0c008a8c040080ac6e
:100ca800080080ac04004011140009ae09f84001a6
:100cb800000000006c00928ed5fd00101c0180ae73
:100cc8000400928c0000938c2b606a01254040013f
:100cd80023684b026600801154008e8effff6a3134
:100ce800254060018a796d7e01000224ffff1825e6
:100cf8002bc8480007001e332000cfa15200205304
:100d0800180013962d00c0132138a2012300c21326
:100d180002001f241d00df13030011241700d11344
:100d2800040005241100c513050003240b00c31398
:100d3800060006240600c6132148a2010100a225c8
:100d48008a39627e020002242000c7a12148a2013c
:100d58008a59697e010042242000cba12190a2017a
:100d68008a61727e010042242000cca12178a20170
:100d78008ac16f7e010042242000d8a121c8a201a7
:100d88008af1797e010042242000dea121f8a20127
:100d98008a897f7e010042242000d1a12128a20156
:100da8008a19657e010042242b3048002000c3a127
:100db8002500c050180013962138a2018a49677e81
:100dc80001004b242190ab012000c9a18a61727ee9
:100dd80002004f2421c0af012000cca18ac9787e2f
:100de80003005e2421f8be012000d9a18a897f7ef4
:100df800040045242118a5012000d1a18a31637e71
:100e0800050047242148a7012000c6a18a59697e08
:100e1800060052242160b2012000cba18a796c7ea1
:100e28000700582421c8b8012000cfa18af1797e93
:100e3800080042242bf848002000dea1dfffe0175d
:100e48002138a2011800139620008d8c2000a0a341
:100e58002b7053012310a80185ffc015200082ac18
:100e680002000e241200aea269fd00106c00928ee2
:100e78009dff40558a796d7ef9ff00102000a0a3e0
:100e880004ff20521800858c0201b0920100092449
:100e9800c439087c4408307d100088ac0201b0a237
:100ea8005cfd00100100112405001e241c019eaeeb
:100eb80057fd00106c00928e040011241c0191aea5
:100ec80053fd00106c00928e14000e8efaffc011b4
:100ed8000700082418000c962000c48d0400032481
:100ee8002b888c001c0188ae0000d88d0800c3ad8b
:100ef8005400938e25488001030020122538800174
:100f0800ffff8930253880000400d28d23f0440289
:100f180021101e033d00e0102178e2002328e201a1
:100f28000700ac3024008011010006241d00861142
:100f380002001f2418009f1103001924130099119f
:100f480004000d240e008d1105000a2409008a11e1
:100f580006000b2405008b510000519000004490be
:100f680001004224200064a20000519001004224a4
:100f7800200071a20000489001004224200068a2cd
:100f88000000589001004224200078a200004390fd
:100f980001004224200063a2000052900100422474
:100fa800200072a200005e900100422420007ea270
:100fb8001500e2512000c48d00004590080042242d
:100fc800200065a2f9ff4c9020006ca2faff469021
:100fd800200066a2fbff5f9020007fa2fcff5990d3
:100fe800200079a2fdff4d9020006da2feff4a90df
:100ff80020006aa2ffff4b9020006ba2efffe25592
:10100800000045902000c48d18000c9623808700ae
:101018002b982c012000a0a315ff60162000d0ad4e
:1010280090ff001002000e241200a7a214000f8ed9
:10103800a1ffe01107000824040018240a00032473
:101048001c0188ae0800f8ad2000e0ad1200a3a294
:10105800effc00106c00928e04009e8d25f8e001d4
:101068002398cd03c0fee0152568e0017cff001041
:101078002000a0a301000a241c018aaee4fc001091
:0c1088006c00928ef5fe00102510000098
:020000040000fa
:020000041d00dd
:1010940038b1008048000000000000004c000080cf
:1010a4000400000000000000344d00801000000027
:1010b40001000000b49d0080a00f000000000000ab
:1010c40000000000b49d0080a00f0000000000009c
:1010d400584c008050000000010000008061019d18
:1010e400c086019d7851019d6483019db476019d64
:1010f400ec92019da07d019d249e009d0c86009d87
:10110400c8c1009d84cc009d08e0009d0c76019d23
:101114006076019dc83d009d000000009cf0009d8c
:10112400e492019df492019d1c14019de8af00809e
:10113400a000000000000000b4ae008034010000f4
:1011440000000000500000800800000000000000c3
:10115400b04000a00a00000000000000f4b00080cd
:10116400440000000000000058000080020000005d
:101174000000000088b000806c0000000000000047
:1011840054ad008060010000000000005c0000809d
:101194000c00000000000000a0b100801800000056
:1011a4000000000068000080110000000000000042
:1011b400b8b1008018000000000000007c0000802e
:1011c4000400000000000000d0b100801400000002
:1011d4000000000080000080080000000000000003
:1011e4000000008001000000010000000100000078
:1011f400f4b100806000000000000000880000805e
:101204000800000000000000b00000a00040000042
:1012140000000000bc4200a08300000000000000a9
:1012240080b10080200000000000000090000080d9
:101234000c00000000000000444d0080100000007d
:1012440001000000b44d0080001000000000000008
:1012540000000000b44d00800010000000000000f9
:10126400544d00801000000001000000b45d0080b7
:10127400001000000000000000000000b45d0080c9
:1012840000100000000000009c000080010000002d
:1012940000000000644d0080100000000100000008
:1012a400b46d008000100000000000000000000089
:1012b400b46d00800010000000000000744d008038
:1012c4001000000001000000e4b1008010000000e4
:1012d4000000000000000000e4b1008010000000e5
:1012e400000000009d0000800100000000000000dc
:1012f400040000800400000001000000ffffffff65
:10130400404300a00004000000000000080000802a
:101314000b00000001000000ffffffff38c10100c7
:1013240000000800844d008010000000010000004f
:10133400b47d0080001000000000000000000000e8
:10134400b47d00800010000000000000944d008077
:101354001000000001000000b48d008000100000a7
:101364000000000000000000b48d008000100000a8
:10137400000000009e000080020000000000000049
:10138400bc4000a00002000000000000a00000809b
:1013940002000000000000001400008006000000ad
:1013a40001000000ffffffff010100001c0000809e
:1013b4000900000001000000fa0000000ad7a3bce5
:1013c40001000000d44c0080400000000100000037
:1013d4005477696e74696720546170205061647336
:1013e40000000000000000000000000000000000f9
:1013f400556e6b6e6f776e000000000000000000f9
:1014040000000000000000000000000000000000d8
:10141400a44d00801000000001000000556e6b6eaa
:101424006f776e000000000000000000144d008083
:101434002000000001000000556e6b6e6f776e0097
:101444000000000000000000000000000000000098
:101454000000000000000000a20000800100000065
:1014640000000000a84c00802c00000001000000d7
:101474004047008001000000807c019d09000000bd
:10148400504b00804493019d0000000000000000c8
:10149400000000006493019d00000000504b008098
:1014a400a0000000010000005c93019d5493019d85
:1014b4007c5d019d307a019d000000000000000069
:1014c4000000000000000000000000000000000018
:1014d4000000000000000000000000000000000008
:1014e40000000000000000000000000000000000f8
:1014f40000000000000000000000000000000000e8
:1015040000000000000000000000000000000000d7
:1015140000000000000000000000000000000000c7
:1015240000000000000000000000000000000000b7
:1015340000000000000000000000000000000000a7
:10154400000000000000000040470080100400007c
:10155400010000009479019d7493019d6c93019d99
:101564000000000000000000000000000000000077
:101574000000000000000000000000000000000067
:101584000000000000000000000000000000000057
:101594000000000000000000000000000000000047
:1015a4000000000000000000000000000000000037
:1015b4000000000000000000000000000000000027
:1015c4000000000000000000000000000000000017
:1015d4000000000000000000000000000000000007
:1015e40000000000000000000000000000000000f7
:1015f40000000000000000000000000000000000e7
:1016040000000000000000000000000000000000d6
:1016140000000000000000000000000000000000c6
:1016240000000000000000000000000000000000b6
:1016340000000000000000000000000000000000a6
:101644000000000000000000000000000000000096
:101654000000000000000000000000000000000086
:101664000000000000000000000000000000000076
:101674000000000000000000000000000000000066
:101684000000000000000000000000000000000056
:101694000000000000000000000000000000000046
:1016a4000000000000000000000000000000000036
:1016b4000000000000000000000000000000000026
:1016c4000000000000000000000000000000000016
:1016d4000000000000000000000000000000000006
:1016e40000000000000000000000000000000000f6
:1016f40000000000000000000000000000000000e6
:1017040000000000000000000000000000000000d5
:1017140000000000000000000000000000000000c5
:1017240000000000000000000000000000000000b5
:1017340000000000000000000000000000000000a5
:101744000000000000000000000000000000000095
:101754000000000000000000000000000000000085
:101764000000000000000000000000000000000075
:101774000000000000000000000000000000000065
:101784000000000000000000000000000000000055
:101794000000000000000000000000000000000045
:1017a4000000000000000000000000000000000035
:1017b4000000000000000000000000000000000025
:1017c4000000000000000000000000000000000015
:1017d4000000000000000000000000000000000005
:1017e40000000000000000000000000000000000f5
:1017f40000000000000000000000000000000000e5
:1018040000000000000000000000000000000000d4
:1018140000000000000000000000000000000000c4
:1018240000000000000000000000000000000000b4
:1018340000000000000000000000000000000000a4
:101844000000000000000000000000000000000094
:101854000000000000000000000000000000000084
:101864000000000000000000000000000000000074
:101874000000000000000000000000000000000064
:101884000000000000000000000000000000000054
:101894000000000000000000000000000000000044
:1018a4000000000000000000000000000000000034
:1018b4000000000000000000000000000000000024
:1018c4000000000000000000000000000000000014
:1018d4000000000000000000000000000000000004
:1018e40000000000000000000000000000000000f4
:1018f40000000000000000000000000000000000e4
:1019040000000000000000000000000000000000d3
:1019140000000000000000000000000000000000c3
:1019240000000000000000000000000000000000b3
:1019340000000000000000000000000000000000a3
:101944000000000000000000000000000000000093
:101954000000000000000000000000000000000083
:1019640000000000400581bfe80000000100000005
:10197400500200005002000050020000500200001b
:10198400500200005002000050020000500200000b
:1019940050020000500200005002000050020000fb
:1019a400500200005002000000020000500200003b
:1019b40050020000500200005002000050020000db
:1019c40050020000500200005002000050020000cb
:1019d40050020000500200005002000050020000bb
:1019e40050020000500200005002000050020000ab
:1019f400500200005002000050020000500200009b
:101a0400500200005002000050020000500200008a
:101a1400500200005002000050020000500200007a
:101a2400500200005002000050020000500200006a
:101a3400500200005002000050020000500200005a
:101a4400500200005002000050020000500200004a
:101a540050020000500200002c0681bf4c00000020
:101a6400010000005002000050020000500200007b
:101a7400500200005002000050020000500200001a
:101a8400500200005002000050020000500200000a
:101a940050020000500200005002000050020000fa
:101aa40050020000500200005002000050020000ea
:101ab400d80681bf1400000001000000500200009d
:101ac40050020000500200005002000050020000ca
:101ad400f40681bf24000000010000005002000051
:101ae40050020000500200005002000008020000f2
:101af40010020000500200005002000050020000da
:101b04001c0781bf18000000010000005002000003
:101b14005002000050020000500200005002000079
:101b240050020000400781bf500000000100000087
:101b34005002000050020000500200005002000059
:101b440018020000200200002802000050020000d9
:101b54005002000050020000500200005002000039
:101b64005002000050020000500200005002000029
:101b74005002000050020000300200003802000051
:101b84009c0781bf640000000100000050020000b7
:101b940050020000500200005002000050020000f9
:101ba40050020000500200005002000050020000e9
:101bb40050020000500200005002000050020000d9
:101bc40050020000500200005002000040020000d9
:101bd40050020000500200005002000050020000b9
:101be40050020000500200005002000050020000a9
:101bf4000c0881bf18000000010000005002000022
:101c04005002000050020000500200005002000088
:101c140050020000300881bf0c00000001000000e9
:101c2400500200005002000050020000400881bf32
:101c34000c000000010000004802000050020000f7
:101c440050020000500881bf0400000001000000a1
:101c540050020000580881bf140000000100000079
:101c64005002000050020000500200005002000028
:101c740050020000740881bf180000000100000039
:101c84005002000050020000500200005002000008
:101c94005002000050020000940881bf04000000bc
:101ca4000100000050020000280000802400000011
:101cb40001000000ffffffffffffffff0100000026
:101cc400ffffffffffffffff01000000ffffffff1b
:101cd400ffffffff01000000f04b008068000000e0
:101ce40001000000f84b0080f84b00800100000068
:101cf40003000000000000000000000000000000dd
:101d04000000000000000000c448019d0000000025
:101d14000000000000000000f08d019d385f019d6f
:101d240000000000000000000000000000000000af
:101d3400000000000000000000000000000000009f
:101d4400000000000000000000000000a40000806b
:101d54000400000001000000f44b0080a800008093
:101d640004000000000000000000000066666666d3
:020000040000fa
:020000041d00dd
:101d740088fdbd272c02b3af2802b2af2402b1af55
:101d84002510a0004402bfaf4002beaf3c02b7af73
:101d94003802b6af3402b5af3002b4af2002b0aff0
:101da4006802bcf76002baf75802b8f75002b6f7f7
:101db4004802b4f7258880002598c0002590e000eb
:101dc4002528000030000324420043102e00032481
:101dd40064004314251800003c00228e4c00238e1e
:101de4002b18430048006010010043243c0023ae3c
:101df4000000429025a0000025a800003000032424
:101e040046004310010003241000a0af25f0000099
:101e140025b80000253800002580000025b000000a
:101e2400d0ff44240a00882c510000552e000824b9
:101e34002e00042450004410000000000aa0e30215
:101e44000aa8e3007f02a0102000433465000424a4
:101e54009e026414252020028c02a58f7932400f43
:101e64001002a7af0e0040141002a78f0080043c9c
:101e74000c006454211082028c02a38f7e02601035
:101e8400252800004c00248e050080102518000031
:101e94003c00238effff63243c0023ae2518400042
:101ea400211082022b20540021a8a30225a0400067
:101eb40021a895008802a0c71000a48f6500801493
:101ec40021068046000080440000e0446e020010b9
:101ed400020038463c00228e4c00238e2b1843000f
:101ee40005006010010043243c0023ae0000429032
:101ef400b4ff0010010005240454400f25202002e3
:101f0400b0ff001001000524252020020454400fd6
:101f14001002a5afb7ff00101002a58f3c00228e5f
:101f24004c00238e2b1843000a0060100100432448
:101f34003c0023ae00004290ffff84262b1894003f
:101f4400ffffb52625a0800021a87500abff001077
:101f5400010005240454400f25202002f7ff00103f
:101f6400ffff842625a00000a7ff001025a800007d
:101f74000d0048140100e826340060140100032415
:101f840025a0e00225a8e0003c00228e4c00248e0f
:101f94002b20440024008010010044243c0024ae83
:101fa4009fff0010000042902b48170125b8000144
:101fb4007d00082a1500001121382701300042381d
:101fc4000bf0e2020700c012801010001000a527d9
:101fd4002128a2000000a58c0a0008240230057103
:101fe4002120c4001000a5272110a200000044ac49
:101ff4000100d62609000224e3ffc21601000524cd
:1020040001001026e0ff001025b000003000042479
:10201400ddff44100002a28f5c041e240100423440
:10202400d9ff00100002a2af252020021802a7af9a
:102034001402a3af0454400f1002a5af1802a78fd7
:102044001402a38f76ff00101002a58f7dff0010ed
:102054002e0002241300f416c21712001200f51405
:10206400211052000f00a01ec21712000300a01678
:102074000a00822e0b004010c21712001f00622ab1
:10208400030040100610640206004014c217120038
:1020940000008444251800000000e3448bff001076
:1020a4002100a04621105200431002002310020018
:1020b400c31f02002a207500050080540080023ce2
:1020c4000900a3162b105400070040100080023ca6
:1020d40022000324a80043ac019d023c287340d491
:1020e4007aff001002c6204696ff4226c31f020054
:1020f4002a20a302050080540080023c08007514c5
:102104002b108202060040100080023c22000324af
:10211400a80043ac019d023cf1ff0010307340d491
:102124000800c012801010001000a32721106200c4
:102134000a0004240900c32a1e0060540000438cd2
:10214400010010260900c22b3700401025b8800278
:102154002af09e023400c0171200822a3200401076
:1021640009000224caff82121000a48f0900822ae7
:102174001400401000008444251800000000e344cb
:102184000800022423a054002100a046029d023c22
:10219400020038464c89422480a0140021a0820207
:1021a4000000828e00088244210e8046b601001091
:1021b400030038460100d62602186470ddff0010c3
:1021c400000043acf7ff822680180200231043006e
:1021d400211053001f004328030060100610440020
:1021e40012004014ffff0326f6ff9426029d023cd2
:1021f4004c89422480a0140021a082020000828e17
:102204002518000000008244a10080460000844498
:102214000000e3442100a046020038469a01001061
:102224000210204625806000ffff03268010030073
:102234001000a427211082000000428cf9ff4010f6
:10224400090011241a009102f401200210880000f0
:102254001c00201289000b3c010082060900312673
:102264000800022423105100029d033c4c8963247e
:1022740080100200211043000000468c9a3b073c6a
:102284001000a52725180000254000002520000087
:1022940000cae734530090540000a28c050060107b
:1022a400801010001000a42721108200000043ac0d
:1022b4000100102623b8f1020900f7262588000141
:1022c40089000b3c9a3b143c9a3b0c3c25b0000023
:1022d40012000d245f706b2500ca943625a80000f7
:1022e40001ca8c351200e22a51004014ffff1e2659
:1022f4000700ed16801011001000a32721106200c2
:102304000000428c2b104b004a0040147f00de3347
:102314008900043c2f0f053c9a3b063c120008241c
:102324005f708424000aa5240100072409000924fd
:1023340000cac634120030121000a3278010110006
:10234400211062000000428c2b1844000c00601421
:10235400000000000c004414010022267f004230db
:1023640007000212801002001000a327211062004f
:102374000000428c2b104500040040101c00e32a8e
:102384009300e812000000001c00e32a251020013d
:102394000b10e3000470470025184000077846003e
:1023a400ffffce2525102002255000006e0050545a
:1023b4008060020009004011010002267f004230c3
:1023c4007b005150ffff0226808010001000ab27d5
:1023d4002180700100000aae25804000d5ff001066
:1023e40021b0c302010089241b004600f401c0008f
:1023f4001210000021104300050088141050000042
:1024040003004014000000007f002831f7fff72686
:102414001a00e600f401c0000000a2ac252020014f
:102424000400a524121000009aff001002184a703c
:102434007f00de332548000080501e001000a227d4
:1024440021104a000000488cc210080040470800d0
:10245400217009012b40c80121400201030000152d
:102464002b10cc01240040142510c0012520c001ec
:1024740025280001253080022538a0021c02aaafbd
:102484001802aeaf5c2b400f1402a8af1802ae8f37
:102494001402a88f253080022538a0022520c0010f
:1024a400252800014b2c400f1002a2af8900033ce9
:1024b4001002a98f1c02aa8f5f706b349a3b033cf5
:1024c40012000d2401ca6c341000a32721506a00a5
:1024d400ffff03267f00633009007e14000042ad35
:1024e4000900d153251820020a80c203ffffde270a
:1024f400d1ff00107f00de33f3ff001025480000f9
:10250400fbffd157ffffde2776ff2051e3ffd626de
:10251400ffff31267f0031320c001116ffff6224c9
:102524007f0042301000a42780100200802803009e
:1025340021108200212885000000a58c0000448c15
:102544002580600025208500000044ac8010110027
:102554001000a327211062000900f726000049acef
:1025640060ff0010e3ffd6261000ab2721586c0152
:1025740000006b8d06686b002150aa010500511400
:1025840001004d24040040551000a2277f00b13102
:10259400f7fff7261000a22721604c0000008aad47
:1025a4002450cb0102504f7180ff00107f00a231f4
:1025b4007f0042301000aa2780100200211042013f
:1025c40000004a8c01004a3584ff001000004aac28
:1025d40007003016010024267f009030ffff0226fa
:1025e400801002001000a32721106200000040acfc
:1025f4001000a22780281100212845000000a28c89
:102604002518000000b080440000824400b0e0447b
:102614000000e3447f0082302105a0460800021632
:1026240000a53646010010267f001032ffff032666
:10263400801803001000a42721188300000060ac58
:10264400801002001000a327211062000000448cb7
:1026540025280000019d023c00008444387342d4c4
:102664000000e5443500d5262100a04621a5024cf2
:1026740023a0b2022a1093026300401002c534461c
:102684006400800601001e2425b8800200d0804426
:102694003500e22a00d0e0441500401006d7204659
:1026a400019d023c40735cd4690006242330d700aa
:1026b400a658400f06e3204606032046cd63400f8c
:1026c40086a3204606e32046350006242330d7009f
:1026d400a658400f8606204686032046db63400f3b
:1026e40006a3204601a520460607204600d5344609
:1026f400020022267f0042301d0050101000a32744
:1027040080100200211062000000438ccd1d023ca9
:10271400006542242b20620040008010000000006d
:1027240004006014030031267f00313205003012aa
:1027340035000224019d023c487340d421c7804fd8
:1027440035000224231057000200422808004014d8
:10275400019d023c407358d406e32046db63400fde
:1027640086c32046320036460100034500e738465a
:102774002390120000a53c4623985302ffff6226d3
:1027840000f0b57e2aa8a2021a00a01681a63a4635
:10279400d463400f06d32046019d023c607342d4ab
:1027a4003e112046090004453400c2260200c0132d
:1027b40026a097022bf01400019d023c587340d4cc
:1027c4000100d62682d620463400c2260300732692
:1027d4002a985300050060520080023c0500c01393
:1027e40032e23646030009450080023c22000324fd
:1027f400a80043ac06d32046e263400f2530c00254
:10280400220000104402bf8f25b860029fff001011
:1028140025f00000a2ff001025b80000040062505b
:1028240003003126019d023cc4ff0010507340d4c4
:102834007f003132fbff3016019d023cbfff0010c8
:10284400587340d4090040040080023c4c00228e9e
:1028540004004010000000003c00228effff4224d0
:102864003c0022ae93fda0140080023c1600032419
:10287400a80043ac252800005b62400f25202002fd
:10288400000080440000e0444402bf8f4002be8f39
:102894003c02b78f3802b68f3402b58f3002b48f42
:1028a4002c02b38f2802b28f2402b18f2002b08f82
:1028b4006802bcd76002bad75802b8d75002b6d75c
:1028c4004802b4d70800e0037802bd27dfff4104c3
:0c28d4008802a0c779fd00101000a48f3e
:020000040000fa
:020000041d00dd
:1028e0001000a88f01000c241800a9930000038d8c
:1028f00020000b8df600ec1054008a8c6500c0148b
:10290000000000000801428dff3f42305c00401093
:1029100020004d2507004430253000002d00801098
:1029200021586b0024008c10020005241d00851026
:10293000030007241600871004000e240f008e10d9
:1029400005000f2408008f1006001824690298144f
:10295000000000000300c9308a19a97d21506601da
:102960000100c624000043a10300c4308a29a47dcd
:10297000213866010100c6240000e5a00300ce3026
:102980008a79ae7d21c066010100c62400000fa334
:102990000300d9308a61b97d214866010100c6244f
:1029a00000002ca10300c3308a51a37d21206601c1
:1029b0000100c62400008aa00300c5308a39a57d25
:1029c000217066010100c6240000c7a12c004650fa
:1029d00020000b8d0300cf308ac1af7d0100d924c8
:1029e00021606601000098a1030029338a19a97d9e
:1029f0000200ca2421207901000083a00300453190
:102a00008a39a57d0300ce2421786a010000e7a160
:102a10000300d8318ac9b87d0400cc2421486e0156
:102a2000000039a1030083318a51a37d0500c4242d
:102a300021286c010000aaa0030087308a71a77dbd
:102a40000600cf2421c0640100000ea30300f93169
:102a50008a61b97d0700c92421186f0100006ca0ac
:102a600003002a318a29aa7d212069010800c62491
:102a7000000085a0d8ff46140300cf3020000b8d46
:102a80001400ae8f21504b000000c0a10800e003ed
:102a900020000aad35012011001106000c008290c3
:102aa000e50140100100052414008e90e201c011e0
:102ab000020005241c009890df0100130300052488
:102ac00024008590dc01a050040005242c00879090
:102ad000d901e0500500052434009990d601205317
:102ae000060005243c008c90d3018051070005248a
:102af00044008990d001201108000524002106001f
:102b0000216844010801af8d0800c624ff3fe2316f
:102b1000dbff4010807006000700583025280000b9
:102b20003700001321186b0001000b242c000b133d
:102b30000200072424000713030019241c001913a2
:102b400004000c2414000c13050009240c000913c4
:102b500006000424050004130300af308a694e7d8b
:102b60000100052400006da00300af302130ee010c
:102b70008ac1467d215865000100a524000078a186
:102b80000300a73021c8ee008a61597d2148650005
:102b90000100a52400002ca10300a43021688e00b0
:102ba0008a794d7d213065000100a5240000cfa069
:102bb0000300b83021580e038ac94b7d21386500c7
:102bc0000100a5240000f9a00300ac3021488e01cb
:102bd0008a21497d216865000100a5240000a4a187
:102be0000300af302130ee018ac1467d21586500d7
:102bf0000100a524000078a1a1ff455020000b8d05
:102c00000300b93021382e038a61477d0100a924d1
:102c10002120650003002d3100008ca02178ae0139
:102c20008a314f7d0200b82421586900030019330e
:102c3000000066a121382e038a61477d0300a92484
:102c40002120780003002d3100008ca02178ae01f6
:102c50008a314f7d0400b8242158690003001933dc
:102c6000000066a121382e038a61477d0500a92452
:102c70002120780003002d3100008ca02178ae01c6
:102c80008a314f7d0600b8242158690003001933aa
:102c9000000066a121382e038a61477d0700a92420
:102ca0002120780003002d3100008ca02178ae0196
:102cb0008a314f7d21c069000800a524000006a3c9
:102cc000d0ff45140300b9306dff001020000b8dbc
:102cd0000400a2942b7062010300c01125c84000bb
:102ce000ffff6231ffff79310400058d6000c010e5
:102cf0002360ab00100120510800c4240c008d900b
:102d00008201a0110100182414008f907f01e011ae
:102d1000020018241c0098907c0100530300182422
:102d200024008e907901c051040018242c00859055
:102d30007601a050050018243400899073012051b9
:102d4000060018243c0087907001e050070018240a
:102d500044008d906d01a011080018240800c624bd
:102d6000802006003d0020132150440121186c00f2
:102d700007002c33250080112158790001000f2411
:102d80001d008f11020018241800981103000e2452
:102d900013008e11040005240e008511050009247e
:102da000090089110600072405008751000066907c
:102db00000006d900100632400004da100006690aa
:102dc00001006324000046a1000064900100632418
:102dd000000044a100006c900100632400004ca19d
:102de00000006f900100632400004fa10000789064
:102df00001006324000058a100006e9001006324cc
:102e000000004ea115006b5020000b8d0000659056
:102e100008006324000045a1f9ff6990000049a162
:102e2000faff6790000047a1fbff6d9000004da1e5
:102e3000fcff6690000046a1fdff6490000044a1e5
:102e4000feff6c9000004ca1ffff6f9000004fa1af
:102e5000efff6b540000659020000b8d235079012b
:102e60001400b98f000020a30800e00320000aad81
:102e7000fbff20532350790121186c0007002c33ed
:102e80002500801121782303010004241d008411f2
:102e900002000b2418008b11030018241300981152
:102ea00004000e240e008e11050005240900851172
:102eb0000600092405008951000066900000679013
:102ec00001006324200047a10000669001006324f4
:102ed000200046a100006d900100632420004da158
:102ee00000006c900100632420004ca1000064905d
:102ef00001006324200044a100006b9001006324c2
:102f000020004ba10000789001006324200058a10c
:102f1000d2ff6f5020000b8d00006e9008006324dc
:102f200020004ea1f9ff6590200045a1faff6990ad
:102f3000200049a1fbff6790200047a1fcff66909d
:102f4000200046a1fdff6d9020004da1feff6c907a
:102f500020004ca1ffff6490200044a1efff6f54bc
:102f600000006e90bdff001020000b8d2168420113
:102f70000801a78d0800c624ff3fe230c0fe4010c4
:102f80008070060007004f30252800003600e01151
:102f900021c06b002c00ec1102000b242400eb116b
:102fa000030019241c00f91104000c241400ec1176
:102fb000050009240c00e911060003240500e311b3
:102fc0000300ad308a214e7d01000524000004a3da
:102fd0000300ad302138ae018a31477d21780503e9
:102fe0000100a5240000e6a10300ab3021c86e015a
:102ff0008a61597d214805030100a52400002ca108
:103000000300a33021206e008a69447d2138050326
:103010000100a5240000eda00300a6302178ce0019
:103020008a594f7d21c805030100a52400002ba368
:103030000300ac3021488e018a19497d2120050307
:103040000100a524000083a00300ad302138ae01ab
:103050008a31477d217805030100a5240000e6a1ff
:1030600087fe455020000b8d0300ab3021c86e0158
:103070008a61597d0100a924211805030300243128
:1030800000006ca021688e008a314d7d0200af24c3
:10309000215809030300e731000066a121c8ee00b2
:1030a0008a61597d0300a92421180f0303002431ec
:1030b00000006ca021688e008a314d7d0400af2491
:1030c000215809030300e731000066a121c8ee0082
:1030d0008a61597d0500a92421180f0303002431ba
:1030e00000006ca021688e008a314d7d0600af245f
:1030f000215809030300e731000066a121c8ee0052
:103100008a61597d0700a92421180f030300243187
:1031100000006ca021688e008a314d7d2178090362
:103120000800a5240000e6a1d0ff45540300ab3001
:1031300053fe001020000b8d8048040047ff201331
:103140002150490121186c0007002b332500601124
:1031500021687900010007241d00671102000f2477
:1031600018006f11030006241300661104001824d0
:103170000e00781105000e2409006e1106000524ca
:10318000050065510000649000006c90010063240c
:1031900000004ca10000649001006324000044a1e1
:1031a0000000699001006324000049a100006b90b9
:1031b0000100632400004ba100006790010063241c
:1031c000000047a100006f900100632400004fa1a0
:1031d0000000669001006324000046a11fff6d50af
:1031e00020000b8d0000789008006324000058a197
:1031f000f9ff6e9000004ea1faff6590000045a116
:10320000fbff6c9000004ca1fcff6490000044a107
:10321000fdff6990000049a1feff6b9000004ba1eb
:10322000ffff6790000047a1efff6d54000078900a
:103230000aff001020000b8d0011060021c842017a
:1032400008012c97c0680500ffffa924ffff823109
:103250001f00a72421186b0021288d0001001924cc
:1032600021584b000400b9a00500a0a00600a6a0ac
:103270000800a2ac20000bad1400a88f0079070055
:1032800000c1090021704f012120580100e06c7c31
:10329000000019a10800ccad0c0282ac0400ca8d5c
:1032a00003000724010009244452ea7c0400caad4b
:1032b0000400cd8dc4182d7d0400cdad0400c38d58
:1032c0008410037c0400c3ad0400cf8d0439cf7c8f
:1032d0000400cfad0400c68d4408067c0400c6add2
:1032e0000400d88d0400387d0400d8ad0800e00348
:1032f000000000000000b99101000624ff002c33fb
:1033000000006ca194fd00100300c930c0481800f3
:103310002120890001000f242358790104008fa087
:1033200005008fa0060086a0080099acffff0e27bd
:1033300020000bad1f0005271400a88f21186c007a
:103340000039050000690e002160470100e0787c2b
:1033500021504d0100000fa1080098ad0c0259ad9d
:103360000400998d0300052401000e244452b97c09
:10337000040099ad0400898dc418c97d040089ad8d
:103380000400838d8410037c040083ad0400878dca
:103390000439c77c040087ad0400868d4408c67dcf
:1033a000040086ad04008d8d0400cd7d04008dad3c
:1033b0000800e003000000009fff00100200052449
:1033c0009dff0010040005249bff0010060005244b
:1033d000ceff001002001824ccff001004001824b7
:020000040000fa
:020000041d00dd
:1033e000000080440300a22c750240100000e0445d
:1033f000029d023c4889422480ffbd272110a20083
:103400005400b7af00005780029d023c40280500e1
:10341000408942242128a2004800b4af0000b484af
:103420004400b3af3800b0af5c00bfaf5800beafd0
:103430005000b6af4c00b5af4000b2af3c00b1afea
:103440007000b8f76800b6f76000b4f72598c000c0
:10345000258080003c00028e4c00038e2b18430018
:1034600036006010010043243c0003ae000056907b
:1034700020000224f7ffc212f7ffc2260500422ceb
:10348000f4ff40142b0002240500c2122510000096
:103490002d0002240b00c216010012240200022497
:1034a00001001224239042024c00038e3c00028e45
:1034b0002b18430025006010010043243c0003ae9c
:1034c00000005690029d153c25880000d891b52635
:1034d0002118b102000063802000c2361f00431093
:1034e00003000224050022120400222e4000401492
:1034f00000000000e40060524c00028e4c00038e7d
:1035000004006010000000003c00028effff422417
:103510003c0002ae1f006012030004241e002412af
:10352000ffff0224fdff6010ffff31263c00028eea
:10353000ffff4224f9ff00103c0002ae0454400f8c
:1035400025200002caff001025b040000454400f9f
:1035500025200002dbff001025b0400007000224f8
:1035600009002252010031263c00028e4c00038edd
:103570002b1843001a006010010043243c0003aee6
:10358000000056900100312608000224d1ff2216c7
:103590002118b102ffff0224fe014212019d023cec
:1035a000787340d45c00bf8f5800be8f5400b78f33
:1035b0005000b68f4c00b58f4800b48f4400b38fd5
:1035c0004000b28f3c00b18f3800b08f7000b8d788
:1035d0006800b6d76000b4d70800e0038000bd27bc
:1035e0000454400f25200002e6ff001025b04000e3
:1035f000a4002016029d153ce491b5262118b102c5
:10360000000063802000c236400043100200022404
:103610009c00201630000224d501c21625a8e00225
:103620003c00028e4c00038e2b1843009c0060105f
:1036300000000000010043243c0003ae0000429063
:103640002000423478000424c40144144c00038e4a
:103650003c00028e2b1843009500601001004324ab
:103660003c0003ae000042902540000030000324df
:10367000930043102e0003249e00431025f0000009
:10368000253000002538000000b08044019d163c24
:1036900000b0e0444073d8d606b520462518000097
:1036a0002528000025480000d0ff4a240a00442da8
:1036b000b6008014200044349fff84240600842c2c
:1036c000b20080142e000424b30044100000000057
:1036d000fb0000550af067004c00028eb00140105c
:1036e00000000000ef0060123c00028e0200e05477
:1036f000fdff4224feff42243c0002ae0000924443
:1037000021008046a7ff0010020034460900225223
:10371000010031263c00028e4c00038e2b18430022
:1037200010006010010043243c0003ae00005690de
:103730000100312603000224b1ff22162118b10234
:103740003c00038e4c00028e2b1062000900405496
:10375000010062240454400f2520000208000010dc
:10376000280042380454400f25200002f0ff0010ca
:1037700025b040003c0002ae0000629028004238b4
:103780002b1002000a004010010011244c00028e90
:10379000040040543c00028e019d023c81ff001059
:1037a000707340d4ffff4224fbff00103c0002aec8
:1037b0003c00028e4c00038e2b1843001100601059
:1037c00000000000010043243c0003ae00004290d2
:1037d000d0ff43240a00632c080060142518400021
:1037e0004429037cbfff63241a00632c0300601488
:1037f0005f0003240700431429000324ecff00109a
:10380000010031260454400f25200002f1ff001072
:10381000d0ff4324e1ff4310019d023c4c00038e86
:1038200004006010000000003c00028effff4224f4
:103830003c0002ae0f006016000000000080023c59
:1038400016000324a80043ac252800005b62400f4b
:10385000252000020000804452ff00100000e044d8
:1038600004006010ffff31263c00028effff42245f
:103870003c0002aefaff2016019d023c49ff0010f9
:10388000707340d44c00028eedff40100080023c6b
:103890003c00028effff4224e8ff00103c0002ae15
:1038a0000454400f2520000266ff0010200042341f
:1038b0000454400f252000026cff0010254000003a
:1038c0003c00028e4c00038e2b1843000500601054
:1038d000010043243c0003ae0000429063ff00104f
:1038e000010008240454400f252000025fff00104f
:1038f000010008243c00028e4c00038e2b1843006c
:103900000a006010010043243c0003ae0000429016
:1039100025f000002530000030000324080043108b
:103920000100072459ff001000b080442520000248
:103930000454400f1800a8aff5ff00101800a88f1e
:103940003c00028e4c00038e2b1843000a006010ce
:10395000010043243c0003ae00004290ffffc42757
:103960002b189e00ffffc62425f080002130660042
:10397000e9ff001001000824252000020454400f34
:103980001800a6aff5ff00101800a68f2e00042423
:10399000110044143a0044280501e0142550600049
:1039a0002558a000010007243c00028e4c00048e24
:1039b0002b2044002a008010010044243c0004ae67
:1039c0000000429025f060002530a000251840013d
:1039d00035ff0010252860010200801420004234c9
:1039e000a9ff4a241600a01c000000000300a01438
:1039f0000800622c0a0040100e00622c00891100a1
:103a00002188510101006a242b18430121586500c7
:103a1000010008242518c003e3ff00102528c0007a
:103a200007004010019d023c807340d402c620462e
:103a300000008a4421008046f2ff0010a105d84e04
:103a4000f1ff401101006a24efff2015019d023ca7
:103a5000587340d401000924ebff0010a1c5c04eeb
:103a6000252000023000abaf2c00aaaf2800a5af84
:103a70002400a3af2000a8af1c00a9af0454400f3e
:103a80001800a7af3000ab8f2c00aa8f2800a58f9d
:103a90002400a38f2000a88f1c00a98fc9ff00104d
:103aa0001800a78fffff42243c0002ae252800002b
:103ab0005b62400f2520000211ff001000009244bd
:103ac0000a30a7000600a05c200042341600a014b3
:103ad0000800642c15008014010064242000423486
:103ae000700003243a0043142528600225200002b8
:103af0007932400f1800a6af140040141800a68faa
:103b00000080043c11006414000000004fff6012ac
:103b1000252800004c00038e090060543c00038ef1
:103b20000900001025100000010064242b388300d8
:103b30000089110025188000e2ff00102128e5000f
:103b4000ffff63243c0003ae25180000ebfe2012ab
:103b5000f8ffc4272bf09e00ffffc62421f0c60308
:103b6000822f040080f01e008020040025f0be009b
:103b7000211082002b2044002118c30323281400a5
:103b800021188300c32705002a38830025804000c0
:103b90000500e01425306000140064142b28a200f6
:103ba0001300a01096ff84260080023c220003240c
:103bb000a80043ac019d023c00009244287342d40b
:103bc000210080460200224676fe001002002246b6
:103bd0004c00028edcff4050251000003c00028e9d
:103be000ffff4224ceff00103c0002ae96ff842669
:103bf000c32f04002a3865000500e0540080023c11
:103c00005200a3142b204400500080100080023c7e
:103c10002200032400009244a80043ac019d023c12
:103c200021008046e7ff0010307342d43e00364644
:103c3000440000454088110001b1224601003126b0
:103c400080b52446ffff04262b109000ffffc324fd
:103c50002580800021304300f4ff21062000042647
:103c60002b1090002118460023289400c31714003d
:103c7000231062002b208500c33f1700231044004f
:103c8000000092442a18470005006014210680466f
:103c90000700e2142bb8b7000600e0520000804491
:103ca00023a01402200095260500a20625a80000e6
:103cb000000080443500a22a120040100000e044b9
:103cc0004073ccd654000624a658400f2330d500ac
:103cd0000603204686c32046cd63400f2000b52a48
:103ce0000800a01232b13446060005450100223218
:103cf000050040140008914400b0804401003126c2
:103d000000b0e04400089144251800000008e34496
:103d1000210ba0462163184c21c3964d0163204618
:103d200032623446030008450080023c220003242e
:103d3000a80043ace263400f253000021afe0010d9
:103d40005c00bf8fbfff001080b53646019d023c6e
:103d5000587340d4c0ff00104073c2d605006050b5
:103d60001400b3af3c00028effff42243c0002aec1
:103d70001400b3af1000b2af253880022530e00246
:103d80002528c0025d07400f2520000206fe001016
:103d90005c00bf8f019d023c02fe0010687340d49e
:103da00057fe60560000924441ff00102528000095
:103db00044ff00152e00022448fe00104c00028e25
:083dc0000800e0030000000010
:020000040000fa
:020000041d00dd
:103dc800ffff8224b0ffbd27feff432c4c00bfaf8e
:103dd8004800beaf4400b7af4000b6af3c00b5af37
:103de8003800b4af3400b3af3000b2af2c00b1af7d
:103df8002800b0afbf0060102000a0a30800c78c47
:103e08000300e828570100110c00a9300f00b43056
:103e180052012015209c057c00008590b500a0105b
:103e280000006b2a0c00918c802014002150940013
:103e38006c00328e14000d24c0600a000a680b0062
:103e480021708d0121904e020c004f8e0100f0313f
:103e5800460100125400368e0400d58c0400579693
:103e68001b00b702f401e00210c0000018000013a4
:103e7800000000000a00630683ff02240100359257
:103e88002580c0001d00a016020022925100401497
:103e980001000324680026924c00c31081ff02240d
:103ea8004c00bf8f4800be8f4400b78f4000b68fcc
:103eb8003c00b58f3800b48f3400b38f3000b28f18
:103ec8002c00b18f2800b08f0800e0035000bd27f8
:103ed800ebff6306010035921000d98c01003e33d8
:103ee800e7ffc05301003592e5ffa052010035926b
:103ef80080003f37e1ff00101000dfac25a800006c
:103f080025f000002d00401025b80000180000ae74
:103f180002006106251000000400028e0000498e90
:103f280003000424200002ae03002015080004ae9c
:103f38002d00001004000a241800278dfeffe0540d
:103f48002548e00003000824180030ad1c0009ae25
:103f5800080008ae010036920400c05602003e92e6
:103f68006000c0170000000002003e920300c01766
:103f7800000000005700e01600000000c8ffa01273
:103f88002510000001001524680035a24c00bf8fe1
:103f98004800be8f4400b78f4000b68f3c00b58ff5
:103fa8003800b48f3400b38f3000b28f2c00b18f3b
:103fb8002800b08f0800e0035000bd27165e400fb0
:103fc8006400248ed1ff001025b84000680020a2ac
:103fd80025a8a000165e400f6000248e25f0400042
:103fe800c8ff001002002292000050ae1c0000ae74
:103ff8000e00801608000aaeb90060061c01258e66
:1040080001000b243d00ab1002000c24d2ffac547d
:10401800010036920201d4921c0124aec418747daa
:104028000201d4a2ccff001001003692b60060064f
:104038000099140021b0d3020601c5920100ab30eb
:10404800c5ff6051010036922000ac272530800260
:104058001800a0af1400acaf1000b0af25380000b6
:1040680025284002380a400f252020022000b4935a
:10407800b9ff8056010036920601cd9204004e9693
:1040880020000f8efe00b8312bc84e000601d8a2c2
:104098000400201704001f8e2b30ff01aeffc05410
:1040a800010036921800048e0c00038e2b10ef03cb
:1040b800080002ae04000fae200000aea5ff60109d
:1040c800000044ae09f8600025200002a2ff00109d
:1040d800010036927162400f6400248ea7ff001021
:1040e800000000007162400f6000248e9fff0010e6
:1040f80002003e926aff001083ff02240201cd9263
:104108000100ae31ef00c0510900162454002f8e73
:104118000000188e0801f98dff3f26336000c0109b
:104128002000ff250700d330251800003100601259
:1041380021100203280065120200072422006712da
:10414800030069301a006412040004241300641286
:10415800050008240c0068120600092406006912ec
:1041680003006b300000ea9301000324ff0045318f
:10417800000045a003006b308a61eb7f21a043005b
:104188000100632400008ca203006d308a71ed7f6a
:1041980021784300010063240000eea10300783079
:1041a8008ac9f87f2198430001006324000079a29e
:1041b800030067308a41e77f212043000100632420
:1041c800000088a0030069308a51e97f2128430054
:1041d800010063240000aaa003006b308a61eb7f12
:1041e80021a043000100632400008ca22c00c350ce
:1041f8002000028e03006d308a71ed7f01006f246c
:1042080021c0430000000ea30300f9318a99f97f09
:104218000200672421404f00000013a10300e4308e
:104228008a49e47f03006a24212847000000a9a0e6
:1042380003004b318a61eb7f0400742421684a0033
:104248000000aca103008e328a79ee7f0500782445
:1042580021c8540000002fa3030013338a39f37fc9
:104268000600692421405800000007a103002431fa
:104278008a51e47f07006b24212849000000aaa086
:1042880003006c318aa1ec7f21684b00080063248d
:104298000000b4a1d8ffc31403006d302000028ec3
:1042a80004005f962170c2002000a0a32b30df001d
:1042b80020000eae8500c0140400038e2b78c301c5
:1042c8008300e0511800188e0201d29201001024d8
:1042d8008431127e0201d2a21fff00100100369223
:1042e8002400aa10050009241bffa95401003692d6
:1042f80006000824480004241c0128ae0201c4a2b8
:1043080015ff0010010036922000a7270100132492
:104318001400a7af252840021800b3af1000b0afb3
:104328000100072425308002380a400f252020028a
:104338002000b29308ff40560100369210008826ec
:10434800008108002148d00202002a9104006a7ef8
:1043580002002aa100ff001001003692d0fe0010d2
:1043680084ff0224cefe001085ff0224ccfe00103c
:104378008aff02240400469600000a8e54002b8e01
:104388002b6046002528c0000300801125a0c0002e
:10439800ffff54302528400004000d8e3e00a01079
:1043a80023f8a20121105f010700ae302500c011db
:1043b80021304500010003241d00c31102000f2411
:1043c8001800cf11030018241300d8110400192471
:1043d8000e00d911050013240900d3110600072483
:1043e8000500c75100004890000049900100422490
:1043f800200069a10000489001004224200068a123
:104408000000449001004224200064a100004a906a
:104418000100422420006aa100004c9001004224bf
:1044280020006ca100004d900100422420006da1e5
:1044380000005f900100422420007fa11500465033
:104448000400469600004e900800422420006ea109
:10445800f9ff4390200063a1faff4f9020006fa15d
:10446800fbff5890200078a1fcff5990200079a10b
:10447800fdff5390200073a1feff4790200067a125
:10448800ffff4990200069a1efff465400004e90bd
:10449800040046962000028e23904500200012aeac
:1044a8002b588602070010242000a0a316006011d4
:1044b8001c0130ae0a0008240201c8a2a6fe0010a2
:1044c80001003692a3fe00101c0136ae1800188eab
:1044d8000c00198e2b986e00080013ae04000eae67
:1044e80003002013000058ae09f82003252000021d
:1044f8001400478e7fffe0140600082405001624e8
:1045080094fe00101c0136ae0201d492010005246d
:104518004408b47c0201d4a28ffe00100100369238
:020000040000fa
:020000041d00dd
:1045280020febd27d401b6afd001b5afc401b2afec
:10453800bc01b0afdc01bfafd801b7afcc01b4af9d
:10454800c801b3afc001b1af258080002590c0007d
:10455800b401a5afb001a0af25a800001c01b62783
:10456800b401a28f000042805a004010800002244b
:10457800b401a527252000029c01a0afa001a0af8f
:10458800a401a0afa801b6af705b400fac01a2af09
:1045980025884000b401a38f00006280030040100a
:1045a800250004243b0044543c00028eb001a28f35
:1045b80021105100b001a2af000064802500022440
:1045c8002d00821401006224b401a2afa401a0af9f
:1045d800010064802a000224040082142588000057
:1045e80002006324b401a3af01001124105a400f44
:1045f800b401a48f25284000252000025b62400feb
:10460800a401a2afb401a38f00006280d0ff4224ae
:104618000a00422c4b004014010063246d5d400fda
:10462800b401a42725a04000b401a28faa63400fbb
:1046380000004480680043285f006010650043283c
:10464800bd00601061000324bb00431062004328d2
:104658003e00601025000424e0004410b401a38f3c
:104668005b000424fc00441080000224b401a28fe3
:1046780001004224b401a2afffff0224ac0062167d
:10468800258800001300a052ffff15241200001017
:10469800dc01bf8f4c00038e2b18430019006010fb
:1046a800010043243c0003ae00005390b401a28fe4
:1046b8000000428019005310b001a28f4c00028ef6
:1046c80005004010dc01bf8f3c00028effff422432
:1046d8003c0002aedc01bf8f2510a002d801b78fc5
:1046e800d401b68fd001b58fcc01b48fc801b38f78
:1046f800c401b28fc001b18fbc01b08f0800e003c4
:10470800e001bd270454400f2520000225984000f1
:10471800ffff0224e5ff6216b001a28fb401a527ae
:104728002520000201004224b001a2afb401a28feb
:1047380001004224705b400fb401a2af95ff001046
:1047480021882202afff0010b401a3af6300032445
:104758008a00431064000324c4ff4314b001a72750
:104768009c01a6271800a527385b400f25200002ca
:104778000c00420425884000b401a28f01004224a5
:10478800a8002016b401a2af253840020100062473
:10479800252880022146400f1800a4276400410400
:1047a80025884000ffff0224b6ff2212dc01bf8fdc
:1047b800caff00102510a002700003244000431017
:1047c800710043280d0060106e0003244b00431055
:1047d8006f0043282c00601069000324a3ff4314d2
:1047e800b001a7279c01a6271800a5272531400f4f
:1047f80025200002deff00100000000075000324e1
:104808001300431078000324260043107300032488
:1048180096ff43148000022494ff8216b401a28fed
:1048280001004224b401a2af0500201625100000a3
:104838000000428e04004324000043ae0000428c76
:104848001000a2afb001a7275f00001001000624e6
:10485800b001a7279c01a6271800a527545b400f85
:1048680025200002cfff420425884000b401a28f12
:10487800010042246b002016b401a2af2538400283
:10488800c3ff001025300000b001a7279c01a62710
:104898001800a527e564400f25200002f1ff00104d
:1048a80000000000b001a7279c01a6271800a52733
:1048b800213d400f25200002eaff00100000000003
:1048c800b001a7279c01a6271800a527213d400f66
:1048d80025200002b3ff420425884000b401a28fbe
:1048e800010042244f002016b401a2af253840022f
:1048f80025300000a7ff0010f0000524b401a28fa6
:1049080001004224b401a2afb001a28f1800a2afe7
:10491800c3170200430020161c00a2af253840022e
:1049280025300000252880022146400f1800a427c2
:104938000bff001021a8b102b001a7279c01a627f0
:104948001800a5279424400f2520000295ff420453
:1049580025884000b401a28f0100422431002016ae
:10496800b401a2af2530400225288002895a400fa1
:104978001800a42789ff001000000000800002240e
:104988003aff8216a401a28f04004054b401a28ffa
:1049980001000224a401a2afb401a28f01004224a5
:1049a800b401a2af05002016251000000000428eb9
:1049b80004004324000043ae0000428c1000a2af64
:1049c800b001a727253000009c01a527e764400f08
:1049d8002520000271ff0010000000008000022462
:1049e80023ff8216b401a28f01006324b401a3af90
:1049f8003c00028e4c00038e2b1843000b00601005
:104a080000000000010043243c0003ae0000429077
:104a18002500032409004314b001a28f0100422499
:104a2800b001a2afc2ff0010258800000454400f57
:104a380025200002f7ff0010250003244c00028ef9
:104a4800bbff4050258800003c00028effff422437
:104a5800f4ff00103c0002ae05ff8216b401a28fdd
:104a68000500201625a000000000428e0400442402
:104a7800000044ae0000548c01006224b401a2afcf
:104a8800010064805e00022404008214258800006e
:104a980002006324b401a3af010011241800a42765
:104aa80001010624ad62400f25282002b401a28f1f
:104ab8001800a0a32d000424000043801e006414e5
:104ac8005d00042401004224b401a2af01000224c5
:104ad800231051004600a2a3010002245d00052412
:104ae8002d00062423885100b401a38f00006280a2
:104af8001800451400000000370080562588000083
:104b08003c00028e4c00038e2b18430056006010a8
:104b1800010043243c0003ae000053901800a22774
:104b280021105300010042904b00401425b80000aa
:104b3800370000104c00028ee7ff64140100422485
:104b4800b401a2af0100022423105100e2ff0010bb
:104b58007600a2a3e8ff40100000000009004610fc
:104b6800b801a28fb401a28f1800a42700004380c7
:104b780001004224b401a2af21188300daff00101b
:104b8800010071a000004280f7ff4050b401a28fdd
:104b9800f4ff451001006224b401a2afb001a28f56
:104ba80000004280010064802a204400edff80104c
:104bb800010042241800a42721208200f9ff0010d8
:104bc800000091a0000053a0b001a28f010031267f
:104bd80001004224b001a2af3c00028e4c00038ebb
:104be8002b1843001800601025b820020100432448
:104bf8003c0003ae000053901800a2272110530078
:104c080001004290efff4014211091024c00028ee7
:104c180005004010b401a28f3c00028effff422421
:104c28003c0002aeb401a28f010042248ffee012c4
:104c3800b401a2af8dfe80120100112421a09702b9
:104c48003bff0010000080a20454400f2520000202
:104c5800e9ff001025984000b001a28f010042240e
:104c6800a7ff0010b001a2af0454400f2520000296
:084c7800aaff0010259840007e
:020000040000fa
:020000041d00dd
:104c8000b8ffbd275c00a28f2800b2af4400bfafc1
:104c90001000a2af2500a22c4000beaf3c00b7af71
:104ca0003800b6af3400b5af3000b4af2c00b3afae
:104cb0002400b1af2000b0af060040105800b28f02
:104cc00001000224258080002588a0000500a21490
:104cd0002598c0000080023c160003245a000010f2
:104ce000a80043ac3c00028e4c00038e2b184300fe
:104cf0002b006010010043243c0003ae00004990eb
:104d000020000224f7ff2211f7ff22250500422c84
:104d1000f4ff4014d5ff22254408027c0b00401408
:104d200025a000003c00028e4c00038e2d0034397b
:104d30000100942e2b1843001d00601023a01400c6
:104d4000010043243c0003ae000049901c002012e7
:104d50004c00038e10000224850122123000022430
:104d6000019d023c692e4224211022010000429044
:104d70002b105100550040140a000224040060105a
:104d8000252800003c00028effff42243c0002aeba
:104d90005b62400f25200002cfff00100080023c24
:104da0000454400f25200002d5ff00102548400084
:104db0000454400f25200002e4ff00102548400065
:104dc00030000224e6ff22550a0011243c00028e26
:104dd0002b1843002c006010010043243c0003ae5c
:104de0000000499020002235780003243500431448
:104df000000000003c00028e4c00038e2b18430084
:104e000025006010010043243c0003ae00004990df
:104e1000019d023c692e4224211022010000429093
:104e20001000422c2b004054100011244c00028e24
:104e30004b014010253800001b0060123c00028e20
:104e4000feff42243c0002ae2538000025f00000a1
:104e50004400bf8f2518c0032510e0004000be8f1e
:104e60003c00b78f3800b68f3400b58f3000b48f58
:104e70002c00b38f2800b28f2400b18f2000b08f98
:104e80000800e0034800bd270454400f252000021d
:104e9000d4ff0010254840000454400f2520000294
:104ea000dbff001025484000ffff42243c0002ae1b
:104eb000252800005b62400f25200002e3ff001060
:104ec00025380000830020120a0002247a002212f2
:104ed0009919153cffff2726019d133c24a8f100da
:104ee000f500a016692e7326170002240210227204
:104ef000019d033c5c2e63244011427c2110430041
:104f00000000568021106902000057902b10f1021a
:104f1000040040100008023c2b10a2026f00405415
:104f20003c00028e2530c002ffff0424ffff052451
:104f30001c00a9afad60400f1800b5af1800a78fd7
:104f40001c00a98f25f000001400a2af25a8600066
:104f500021106902000057902b10f1029e004010b2
:104f60002b10be029d004054019d133c0400d51738
:104f70001400a28f2b10470098004054019d133c51
:104f80003c00028e4c00038e2b1843006000601022
:104f9000010043243c0003ae000049902520e000be
:104fa0002528c0032530c002bc60400f1800a9afff
:104fb0002538e20225f06000e5ff00101800a98ff7
:104fc0004c00038e2b184300360060100100432470
:104fd0003c0003ae000042900a00072402186772ea
:104fe00021386900d0fff32425484000d0ff222556
:104ff0000a00422c030040102b107502f0ff4054b1
:105000003c00028e9919153c2538600225f00000fd
:105010009a99b536d0ff33250a00622e87004010da
:105020002b10d5036c004010ffffa2260600c2170c
:105030000a0002249999023c9a9942342b10e2000a
:10504000650040100a0002241900470010b8000053
:1050500012b0000002185e7021b87700ffff032431
:105060000400e316271013002b1056005b00405479
:10507000019d133c3c00028e4c00038e2b18430014
:105080001000601000000000010043243c0003ae4b
:1050900000004990213876022b40f600ddff001019
:1050a00021f01701252000020454400f1400a9af7d
:1050b000c9ff00101400a98f25980000cbff001035
:1050c0009999b5360454400f25200002f1ff0010d5
:1050d000254840007fff0010080011244c00038e7b
:1050e0002b18430006006010010043243c0003ae6f
:1050f000000049900438d50282ff001025a8f7006f
:105100000454400f25200002faff001025484000fb
:10511000252000020454400f1800a7af2548400086
:105120009eff00101800a78f4c00038e2b18430021
:105130005d006010010043243c0003ae0000499074
:105140000210357221a85600211069020000569005
:105150002b10d102050040101c07023cc7714224ed
:105160002b10a202f0ff40543c00028e2538a00212
:1051700025f0000021106902000055902b10b102ab
:10518000150040101900f100122000000900c013a2
:105190001028000019003e02126000002110ac002f
:1051a0002b104c001068000021104d000b004054e3
:1051b000019d133c0210d173ffff032425b0800032
:1051c00021b845003e00e316271015002b104400bf
:1051d0003c0040503c00028e019d133c692e73261a
:1051e00021483301000022912b105100140040503f
:1051f0004c00028e3c00028e4c00038e2b184300a4
:105200003e006010010043243c0003ae00004290c9
:1052100021106202000042902b105100f5ff401453
:105220000080023c220003241000be8fa80043ac83
:1052300001004232253840020ba002004c00028ed1
:10524000050040101000a28f3c00028effff422498
:105250003c0002ae1000a28f2b10c2033900401494
:105260001000a28f03005e142b10f20036004014d1
:10527000ffff022401004232250040141000a28fdb
:10528000220080160080023c22000324a80043acc8
:105290001000a28fffff47262b90f200ffff512442
:1052a000ebfe001021f051020454400f25200002b3
:1052b000a3ff001025484000a3ff001025a8000010
:1052c0003c00028e4c00038e2b1843000700601038
:1052d000010043243c0003ae000049902138b6028f
:1052e0002b40f600a3ff001021f017010454400fdb
:1052f00025200002f9ff0010254840000454400f0b
:1053000025200002c3ff0010211062021000a28fae
:105310002b105e00050040141000a28f0900c21778
:105320002b10470208004010ffff02240080023cbf
:1053300022000324a80043ac25384002c4fe00101c
:105340001000be8fffff0224c1fe821623401e0004
:10535000233807002b100700bdfe001023f00201c8
:10536000bbfe601625f00000d2fe001025280000cc
:1053700096fe2211019d023c7bfe0010692e422404
:020000040000fa
:020000041d00dd
:1053800068ffbd27a400a7af0000c0d41000a28c06
:105390007800beaf1800a0f7000080441800a1d725
:1053a0000000e0446400b3af3c0820466000b2afa8
:1053b0005c00b1af5800b0af7c00bfaf7400b7afb6
:1053c0007000b6af6c00b5af6800b4af8800b6f738
:1053d0008000b4f79800a4af2588a0000000b28c2c
:1053e0000400be8c0800b38c4000a2af0800014549
:1053f0000c00b08c040042323900401408005432d2
:105400000f00801225b060020a0000102000022464
:105410001800a28f1c00a38f2000a2af0080023cc6
:10542000261043002400a2af2000a1d72d000224a3
:105430001800a1f7000002a2ffff76260100142445
:105440001c00a28f1800a48f2118140200f0427cc7
:10545000270080142800a3aff07f033c25004314ed
:10546000f07f053ca400a28fbfff51241a00312e0b
:105470001d002012029d053c029d053cf891a524cb
:10548000cc62400f2800a48fec61400f2520000261
:105490009800a48f1000b2af2538600225280002c2
:1054a000a54d400f253040007c00bf8f7800be8f97
:1054b0007400b78f7000b68f6c00b58f6800b48f22
:1054c0006400b38f6000b28f5c00b18f5800b08f62
:1054d0008800b6d78000b4d70800e0039800bd2745
:1054e000d4ff00102b000224e5ff0010fc91a5243e
:1054f000f07f053c0100a3242b18430005006050f9
:10550000a400a28f0c0045141800a1d70a00801037
:10551000a400a28fbfff51241a00312e0400205294
:10552000029d053c029d053cd5ff00100092a5247c
:10553000d3ff00100492a524029d053c029d023c6d
:10554000320920462c00a2af108eb4d41f000445af
:1055500025a80000a400a48faa63400f2000a5afd7
:105560002014027c2000a58f3401c00767000424aa
:105570002900441425b840000100c05301001e2436
:10558000fcffa42a030080142a20be0225018014f7
:10559000000000002a0000106500172406052046c0
:1055a0000100b52602a022461800a1d73c0a2046d9
:1055b000faff08452c00a38f029d043c2510000033
:1055c000208e80d40f000010188e62d4f5ff0010da
:1055d000188e42d4d4fea42a0800805003a5224687
:1055e000050040141800a1d702a52046010002249e
:1055f000420820461800a1f703a52246ffffb52662
:105600001800a1d73c0b3446f2ff0d45a400a48f2f
:10561000d1ff001000000000660004240800e4161a
:105620000100de270300a10667000424108eb4d415
:1056300025a80000020044106600172421f0d503bd
:105640001800a0d786a52046252800002000a0f736
:105650002000a0d74c00a5af4800a2af3154400fa6
:10566000030336462000a28f0080073c4d002046f1
:105670003000a2af2400a28f4400a1e786b32046e9
:105680002610e2003400a2af3000a1d70603204666
:105690003f18400f1000a1f700006d440080073c48
:1056a0002610ed002400a2af2c00a28f4c00a58f85
:1056b00000000c44188e40d40100a5242000acaf9b
:1056c00083b52046e2ffc5174800a28f029d043c27
:1056d000288e8ed42000a0d782b32e463c042e46be
:1056e0005e00114532052e46050014454400a38f87
:1056f000000080440000e04401006430920324462e
:105700002c00a38f1800a0d7188e76d400002e4648
:1057100082a53646000004443eb620465200184595
:1057200000006544660007245000e7160100b52616
:105730000100de272548a00223183e011800a3af70
:1057400025f0800225600000257800001800a38f56
:10575000060069102568c00310002a8efbff4a2549
:105760002b50ca0346004055000084440600e01553
:10577000100042320400401021680d022e00022465
:105780000100de270000a2a121201e0265000224e4
:105790002200e216000080a00300a10625280000d8
:1057a00023a81500010005244000a28ffeffcc268f
:1057b0000a000b24ffff422421480202000020a11e
:1057c000020009248600a016213089018400201dd2
:1057d0002b0003242d0009240b1825012528600027
:1057e00021180202ffff65a0a400a38ffeff422440
:1057f00021280202bfff71241a00312e4500032424
:105800000bb871002a38c2030000b7a00300e010f3
:10581000feffd624cc62400f00000000030042329d
:105820000200032418ff43140000000016ffc01af2
:1058300000000000ec61400f252000022a185400ef
:10584000710060102530c0022800a48fad62400fa7
:10585000300005240cff00102598000000708044e3
:10586000a7ff00100070e04486a520466500e93ad5
:105870002518a0020a180900afff00102548600093
:105880005000a2af0000e5444c00acaf0303364625
:105890004800afaf4400a9af3000adaf2000a4afc7
:1058a0003154400f2400a5af4d00204600080a44a3
:1058b00009000e240a0058290a50d80110004e325f
:1058c0002570ca012000a48f2400a58f3000ad8f61
:1058d0004400a98f4800af8f4c00ac8f0b00c0155f
:1058e0005000a28f67000e2408004e140000000034
:1058f0001d00200501008e252568c00321c01e0261
:10590000257080010f00001030001924fbffe055c6
:105910002568c003f9ff23052568c00321680d022f
:105920002e000e240100de27ffffd6260000aea1c8
:10593000f1ff001001000f24000019a3ffffce2586
:1059400001001827fcffc015ffffc62621680d02c5
:105950000100c7272168ac0130004a2523b0cc00e4
:1059600021f0ec000000aaa100800a3c4c00a2af8c
:10597000261045013800a4af3c00a2af3800a1d7e3
:1059800086b32046060320461000a1f74800aeafbc
:105990004400afaf3000a9af2000a4af3f18400fc4
:1059a0002400a5af2c00a28f00000c4400006d4421
:1059b0003000a98f188e40d44800ae8f00800a3c7a
:1059c0002520800126284d0183b52046ffff29258b
:1059d0002560c0014c00a28f5cff00104400af8f17
:1059e0001a00ab02f4016001ffff422421300202e1
:1059f000ffff29251050000030004a250000caa0f2
:105a000070ff001012a8000021180202000064803c
:105a10002118c20221180302000064a087ff0010b1
:105a2000ffff422403ffa10667000424fafe0010d2
:105a300066001724d2fe001006001e24d0fe44107b
:0c5a400006001e24f4fe001025b84000f3
:020000040000fa
:020000041d00dd
:105a4c001080829360ffbd278400bfaf8000b1af90
:105a5c007c00b0af9000b6f72e0040108800b4f771
:105a6c00029d033c029d043c1c9376c4209394c479
:105a7c000180073c00b0064400a0054448b2e42471
:105a8c00ac5f400f108080a30180083c00b006443e
:105a9c0000a00544ac5f400f3cb204250180093cda
:105aac0000b0064400a00544ac5f400f30b2242582
:105abc0001800a3c00b0064400a00544ac5f400fd6
:105acc0024b2442501800b3c00b0064400a00544e0
:105adc00ac5f400f18b2642501800c3c00b006444a
:105aec0000a00544ac5f400f0cb2842500b0064406
:105afc0000a0054401800d3cac5f400f00b2a42512
:105b0c0001800e3c00b0064400a00544ac5f400f81
:105b1c00f4b1c4257237400f5000a4270700401081
:105b2c008400bf8f8000b18f7c00b08f9000b6d7ff
:105b3c008800b4d70800e003a000bd27b364400f71
:105b4c0000000000700045904101a0145800a58f82
:105b5c006463400f0000000005006014f5051f3c55
:105b6c0000e1e4372b384400eeffe0148400bf8fd3
:105b7c00b364400f000000007c0048901601001533
:105b8c007400aec76463400f0000000094808a8fdd
:105b9c002b586a00e3ff60158400bf8f0400431587
:105bac0090808c8f2b684c00dfffa0158000b18f8c
:105bbc00b364400f5800b6c7740050c43c801646fe
:105bcc001c000145000000006463400f0000000051
:105bdc0025886000b364400f2580400078004e8c0f
:105bec00029d053ca481a42440300e002178ce00f7
:105bfc0080c10f0021c8f8018010190021184e0037
:105c0c00803803002140ee0040490800215030014b
:105c1c002b5849012160710190808aaf8a54400f42
:105c2c0094808caf029d043cc093858c3564400fee
:105c3c0001000424b364400f5c00b4c7740051c469
:105c4c003c8914461c000545000000006463400fad
:105c5c000000000025886000b364400f25804000e0
:105c6c0078004d8c029d0e3ca881c42540280d0067
:105c7c002130ad008079060021c0cf0080c818000b
:105c8c0021102d038018020021386d0040410700bf
:105c9c00214810012b50280121585101908089afc7
:105cac008a54400f94808baf029d0c3cc093858d21
:105cbc003564400f02000424b364400f6000b6c783
:105ccc00740052c43c9216461c00094500000000aa
:105cdc006463400f0000000025886000b364400f2f
:105cec002580400078004d8c029d043cac818424be
:105cfc0040700d002130cd01802906002178c500af
:105d0c0080c00f0021c80d038010190021184d0010
:105d1c00403903002140f0002b480701215031018c
:105d2c00908088af8a54400f94808aaf029d0b3cc0
:105d3c00c093658d3564400f04000424b364400f98
:105d4c006400b4c7740053c43c9b14461c000d453e
:105d5c00000000006463400f000000002588600014
:105d6c00b364400f2580400078004c8c029d0d3ca4
:105d7c00b081a42540700c002130cc018029060094
:105d8c002178c50080c00f0021c80c0380101900b9
:105d9c0021184c00403903002140f0002b4807012a
:105dac0021503101908088af8a54400f94808aaf83
:105dbc00029d043cc093858c3564400f080004247c
:105dcc00b364400f6800b6c7740055c43cac1646ab
:105ddc001c001145000000006463400f000000002f
:105dec0025886000b364400f2580400078004b8c00
:105dfc00029d0c3cb481842540680b002170ab01e2
:105e0c0080310e002128c6018078050021c0eb01ed
:105e1c0080c8180021102b03401902002138700093
:105e2c002b40e30021481101908087af8a54400f2a
:105e3c00948089af029d0a3cc093458d3564400f18
:105e4c0010000424b364400f6c00b4c7740057c432
:105e5c003cbd14461c001545000000006463400f57
:105e6c000000000025886000b364400f25804000ce
:105e7c0078004b8c029d043cb881842440600b005c
:105e8c0021688b0180710d002130ae018028060045
:105e9c002178ab0080c00f0021c80b0340191900fa
:105eac00211070002b3843002140f100908082af0c
:105ebc008a54400f948088af029d093cc093258d75
:105ecc003564400f20000424b364400f7000b6c743
:105edc00740059c43cce16461c0019450000000045
:105eec006463400f0000000025886000b364400f1d
:105efc002580400078004a8c029d0b3cbc816425b7
:105f0c0040600a0021688a0180710d002130ae01c9
:105f1c00802806002178aa0080c00f0021c80a033f
:105f2c0040191900211070002b3843002140f1005a
:105f3c00908082af8a54400f948088af029d043cbd
:105f4c00c093858c3564400f40000424b364400f2b
:105f5c007400b4c774005bc43cdf1446f1fe1f45eb
:105f6c008400bf8f6463400f000000002588600030
:105f7c00b364400f258040007800498c029d0a3c98
:105f8c00c0814425405809002160690180690c00da
:105f9c0021708d0180300e002128c9008078050009
:105fac0021c0e90140c91800211830032b107900d9
:105fbc0021385100908083af8a54400f948087af72
:105fcc00029d083cc093058d3564400f800004246d
:105fdc00d4fe00108400bf8f7000acc76c00aac741
:105fec006800a8c76400a6c76000a4c75c00a2c76d
:105ffc005800a0c75000a48f5400a58f61700046b4
:10600c00e160004661510046e141004661320046c4
:10601c00e122004661130046e1030046029d093c63
:10602c004800a1f74000a3f73800a5f73000a7f708
:10603c002800a9f72000abf71800adf71000aff758
:10604c00654d400f88812625cefe00100000000013
:10605c000180063c9962400f48b2c4245c00a58fb5
:10606c0001800f3c3cb2e4259962400f5800a0e738
:10607c006000a58f0180103c30b204269962400f5d
:10608c005c00a0e76400a58f0180113c24b224269b
:10609c009962400f6000a0e76800a58f0180183c52
:1060ac0018b204279962400f6400a0e76c00a58f1a
:1060bc000180193c0cb224279962400f6800a0e7bc
:1060cc007000a58f0180023c00b244249962400ffd
:1060dc006c00a0e77400a58f0180033cf4b164242c
:1060ec009962400f7000a0e799fe00107400a0e7c1
:020000040000fa
:020000041d00dd
:1060fc0068ffbd2700600644006067443000a42799
:10610c009800acf78400bfaf6000b0af8800b4f764
:10611c00a000aef7a800b4d78000beaf7c00b7af2c
:10612c007800b6af7400b5af7000b4af6c00b3af0d
:10613c006800b2af8358400f6400b1afa000aed777
:10614c002000a427007006448358400f0070674459
:10615c0000a0064400a067448358400f1000a427f9
:10616c003800b08fa000aed7cb03022a0500401038
:10617c009800acd72800a68fcb03c228030040148c
:10618c001800a28f0600001021658e4ecb03432809
:10619c0011006014cb0303240100435421658e4e7f
:1061ac008400bf8f06a020468000be8f7c00b78f76
:1061bc007800b68f7400b58f7000b48f6c00b38ffd
:1061cc006800b28f6400b18f6000b08f8800b4d7c4
:1061dc000800e0039800bd273000a88f2000aa8f8c
:1061ec002400a48f3400ac8f19000a012180060210
:1061fc0023905000127000004000aeaf4000b78feb
:10620c00107800004400afaf4400a38f19000401c4
:10621c00124000001048000019008a0112500000c2
:10622c0021b00a012b28c8021058000021502b0164
:10623c002128aa00190084012158c3022b206301d4
:10624c0012600000212885012120a40010680000a4
:10625c002b50ac0021504d012b1885002588800057
:10626c00a500401a21506a004000432a1000a98f53
:10627c006d0060101400a88f252020012528000136
:10628c00253040025400aaaf5000abafa000aef7cf
:10629c009800acf74c00a9afbc60400f4800a8af09
:1062ac004c00a98f4800a88f40000624252020010f
:1062bc00252800012330d20025984000ad60400f06
:1062cc004000a3af4000a78f9800acd7a000aed77a
:1062dc005000ab8f5400aa8f254840002540600029
:1062ec002c00a28f3c00b28f269042021c00a28f81
:1062fc00ac00521421f077022b18d30321b0eb0021
:10630c0021b076002b10c7020700401401000524b1
:10631c000500f654252800002b98d30303006016c3
:10632c0021a031012528000021a031012b10890268
:10633c0021180a0121a0b400211843002b28850242
:10634c0021a8a300252080024a5c400f2528a0022a
:10635c00ffff5124400006242330d1002520c00328
:10636c00ad60400f2528c002253020022520800278
:10637c002528a00225b84000bc60400f259860007d
:10638c00253020022520c0032528c00225b8e202b2
:10639c00bc60400f25986302251043002b100200af
:1063ac00400010262510e202252040000600401275
:1063bc0025286002233002002b1806002338130016
:1063cc002520c0002328e300000084442330110260
:1063dc000000e544c4fbc328ce0060102103a04696
:1063ec00c3fb0324cf00c354802d1300ac00401218
:1063fc00029d033c388e62d432102c46ab00004513
:10640c00401d0200029d023c408e40d4029d023c85
:10641c00488e54d4026320462063204621630046f4
:10642c005fff001002653446c0ff5226c0ff5024a7
:10643c0025980000aaff4012253800004000422a8f
:10644c00500040105800aaaf4000a48f4000152403
:10645c0023a8b202252860012530a0025400a7af62
:10646c005000a8af4c00a9afa000aef79800acf755
:10647c00bc60400f4800abaf4800ab8f4000a48f0e
:10648c002530400225286001ad60400f25b843003f
:10649c005800aa8f252020022530a0022528400173
:1064ac002bb8170025b0600025b8e202bc60400f85
:1064bc004800aaaf4800aa8f2558c3022520200205
:1064cc0025284001253040024000abafad60400fa5
:1064dc0025b8e20225884000255060004000ab8fb3
:1064ec009800acd7a000aed74c00a98f5000a88f55
:1064fc007bff00105400a78f23900202050040166a
:10650c001000b38f1400a78f2548000074ff0010f3
:10651c00254000004000422a1f0040101000b48f9c
:10652c001400b58f400006242330d20025208002b1
:10653c002528a0024800aaaf4000abafa000aef7e0
:10654c00bc60400f9800acf725104300253040028a
:10655c00252080022528a002ad60400f2b98020058
:10656c00259862022538600025480000254000006f
:10657c009800acd7a000aed74000ab8f58ff0010ee
:10658c004800aa8f01001724255800002588000018
:10659c0053ff00102550000001001324daff0010f7
:1065ac002538000023f0f3022b18fe0223b06701fc
:1065bc0023b0c3022b107601010005240600401401
:1065cc00253000000400cb56252800000300601481
:1065dc002360290225280000236029022ba82c0205
:1065ec00231848012318750023a085012b60940102
:1065fc002318660023a86c001200a1062320310189
:10660c0023f077022b987e0223b0eb0023b0d30249
:10661c002b10240123180a0125a0d60321a88500dc
:10662c00231862002ba014002b20a4022118660052
:10663c0023a0b402211883002ba8b40223a8750050
:10664c000100522e251095023eff40142510d60352
:10665c00d3fe405021658e4e2520c0034a5c400f6e
:10666c002528c002ffff512407002106c01f160079
:10667c0042101e00251062000100de3325105e0062
:10668c0049ff001042981600253020022520c00337
:10669c00bc60400f2528c00243ff00102598600005
:1066ac00029d033c54ff0010308e62d41900601020
:1066bc00c01f13004220020025206400010042305c
:1066cc0042981300254082000040023c0600401214
:1066dc0025485300231008002b1802002320090022
:1066ec00254040002348830000008844029d023c62
:1066fc000000e944488e4cd42100a04600002046fe
:10670c000100224602032c468100204602632c46df
:10671c002163024ca658400f00000000a0fe0010a0
:10672c000605204680250200821202002b20040060
:10673c002510a20025108200823d02000448137c23
:10674c002528f300060040128022020023100400ca
:10675c002b18020023380500252040002328e300d5
:10676c00000084440000e544eaff00102103a04629
:020000040000fa
:020000041d00dd
:10677c002518e0000400c78c0000c68c70ffbd27f4
:10678c008000baf70000864400d080440000e74443
:10679c0000d0e0441000a28c3c003a464c00b3af51
:1067ac004800b2af4400b1af4000b0af6400bfaf1f
:1067bc006000beaf5c00b7af5800b6af5400b5afc9
:1067cc005000b4af7800b8f77000b6f76800b4f7b3
:1067dc009000a4af0000b28c0400b18c0800b38c04
:1067ec002000a2af080001450c00b08c040042321e
:1067fc0037004014080057320d00e01225f06002fb
:10680c0008000010200002240080023c26104700e3
:10681c001c00a2af1800a6af1800a68f1c00a78ff3
:10682c002d000224000002a2ffff7e260100172487
:10683c00bfff65242548c00000f0e27c2800c0148e
:10684c001a00a52cf07f033c26004314f07f0a3c71
:10685c00212017022000a010029d113c029d053c36
:10686c00e891a524cc62400f00000000ec91242696
:10687c00ec61400f000000009000a48f1000b2af3c
:10688c002538600225280002a54d400f2530400018
:10689c006400bf8f6000be8f5c00b78f5800b68f4e
:1068ac005400b58f5000b48f4c00b38f4800b28f9a
:1068bc004400b18f4000b08f8000bad77800b8d7b1
:1068cc007000b6d76800b4d70800e0039000bd276d
:1068dc00d4ff00102b000224e2ff0010ec912526bf
:1068ec00f07f0a3c010043252b1843000500601083
:1068fc00212017020d004a54000086440b00205141
:10690c00000086440700a010029d113c029d053c2e
:10691c00f091a524cc62400f00000000d4ff0010c1
:10692c00f4912426fbff0010f4912526300002245c
:10693c000000e744000082a032013a4658000324cc
:10694c0078000224029d093c0b10650025a800006c
:10695c00a9000445088b34d500c086440000342ab5
:10696c00180009240a48340286a5204600c0e744d2
:10697c00010082a0010034252510000003c3364617
:10698c003000a5af2400a2af1800a6af1c00a7af23
:10699c003154400f029d163c820036462400a28fd3
:1069ac002800b6af1800a68f010042241c00a78f48
:1069bc003000a58f01c62246208bc2d604002106ca
:1069cc0082b5224632c53a4603001545029d043c69
:1069dc00eaff8216029d043c288b82d482b02246a8
:1069ec003cc62246a000194532c7224608001e4567
:1069fc00000086440d002046000004440000804442
:106a0c00010084300000e0449200244600008644db
:106a1c000200f7260000e744000022461800a0f709
:106a2c001c00a38f1800a48f0400801400f0667c57
:106a3c00f07f043c87ffc4102120170223100200b2
:106a4c00feffc6272400a2af25f0e00225100000af
:106a5c0025a0000025b000002000a38ffbff6424bc
:106a6c002b20c4031c0080102538c0031800a0d7ad
:106a7c003c00a5af3800a6af030334462c00a2aff0
:106a8c003154400f3000a7af4d002046000804449d
:106a9c003000a78f2c00a28f3800a68f75008014b1
:106aac003c00a58f7c00c0522ba014000100422496
:106abc00020034461800a1d72800a38fffffd6266a
:106acc00010820461800a0f7208b60d42400a38f67
:106adc00e1ff761402a520461400801621201e0228
:106aec00a600405010004232a300201a0100473289
:106afc00a100e0142e000724000087a021385e00be
:106b0c002138070230000924010089a001008424e7
:106b1c00feff8754010089a021f05e0027100200bf
:106b2c000100de272130460021201e02000080a03b
:106b3c000300a1062510000023a815000100022463
:106b4c002000a38fffffc62401000b24ffff71243c
:106b5c00213811020000e0a00a000a2401000724d9
:106b6c007400a01621a0c7007200eb102b000324a8
:106b7c002d0006240b18c2002510600021181102ec
:106b8c00ffff62a0feff3126500007247000022494
:106b9c000a384500212811022a88d103030020124b
:106bac000000a7a0cc62400f00000000030042329e
:106bbc00020003240c004314feff91262cff201a24
:106bcc0025200002ec61400f252000022a185700f6
:106bdc00620060102530200230000524ad62400fa9
:106bec00212017022598000021ff0010252000020b
:106bfc00060520460100b52600a034460008864450
:106c0c000008e7443c0a2046f9ff0845029d093c70
:106c1c00108b20d5029d093c188b22d506012046ed
:106c2c00000886440008e7443c0c34464bff1245f0
:106c3c0000c0864482a1204632333a4608000e45f5
:106c4c0002a524460008864402a522460008e74413
:106c5c0042082246000806440008674402a5244660
:106c6c00efff0010ffffb5260010804467ff0010f7
:106c7c000010e044090080162558c0030700c0121c
:106c8c002e000924213807020100de27ffffc6244d
:106c9c000000e9a0010014242558c00321601e0245
:106cac00253840000300001030000d24ffffe724be
:106cbc0001008c25fdffe05400008da121584b00f4
:106ccc00ffffc6240100de270a0087282330c200fc
:106cdc0021f0c20321580b020200e010570082245d
:106cec00300082241100a050000062a12000473423
:106cfc009fffe7241a00e72c0c00e050000062a173
:106d0c00252040003c00a5af3800abaf2c00a6af4f
:106d1c00c663400f3000a0f73c00a58f3800ab8f46
:106d2c002c00a68f3000a0d7000062a160ff0010dd
:106d3c00251000001a00aa02f4014001ffff3126c1
:106d4c0021601102ffffe7241048000030002925c4
:106d5c00000089a182ff001012a800002118020275
:106d6c00000064802118820221180302feff64a037
:106d7c0096ff0010ffff4224100042326bff405080
:106d8c0021201e022e0002240100de2766ff0010c7
:046d9c00000082a0d1
:020000040000fa
:020000041d00dd
:106da00018ffbd27dc00b4afd800b3afd400b2af3a
:106db000d000b1afe400bfafe000b5afcc00b0afe2
:106dc000259080002588c000b800a5af2598000058
:106dd000029d143cb800a58f0000a280e400401082
:106de000ffff02249c00a2af1800a227a400a2afbc
:106df000800002249800a0afa000a0afa800a2af1e
:106e000025800000250003242110b00000004280ee
:106e10000300401000000000fbff43540100102657
:106e200006000012253000023c58400f2520400289
:106e3000b800a28f21105000b800a2afb800b58fe3
:106e4000250002240000a382c20062140100b526be
:106e5000b800b5af2b0005242d0006243000032414
:106e60002000072423000824b800a48f000082809b
:106e70001b0045509800a28f2c0049281e002011ad
:106e800000000000180047509800a28f18004850da
:106e90009800a28f2a0003241e0043500000228e77
:106ea000105a400f00000000a000a2afb800a38f4e
:106eb00000006280d0ff42240a00422c21004010d2
:106ec00001006324f9ff0010b800a3af01004234b1
:106ed000010084249800a2afe3ff0010b800a4af23
:106ee000fbff001004004234f9ff00100800423498
:106ef000f7ff001010004234f4ff46509800a28fb4
:106f0000e5ff43542a0003249800a28ff0ff0010ed
:106f10000200423401008424b800a4af04004324da
:106f20000000428c000023ae06004104a000a2af86
:106f30009800a38f23100200a000a2af01006338c5
:106f40009800a3af9800a28f0100433002006010a8
:106f50004408027c9800a2afb800a28f2e00032440
:106f6000000044800d008314010044249c00a0af65
:106f7000b800a4af010045802a0003242300a31415
:106f800002004224b800a2af0000228e0400432475
:106f90000000428c000023ae9c00a2af6d5d400f4c
:106fa000b800a427c000a2afb800a28faa63400f08
:106fb000000044806900032477004310c000a58fbf
:106fc0006a0043282f00601063000324be004310b2
:106fd000640043281800601025000324cb004310f0
:106fe000610003244f00435025302002ffff02249c
:106ff000b800b5af9800a0afa000a0af9c00a2afb2
:107000001000a0afc900001025380000105a400f32
:10701000000000009c00a2afb800a38f00006280b7
:10702000d0ff42240a00422cdcff40100100632400
:10703000f9ff0010b800a3af64000324560043100a
:1070400068004228eaff4010ffff0224253020029a
:10705000445f400fb000a42797004010b800a28ff3
:10706000b000a6279800a52701004324b800a3afcd
:1070700000004780e014400f25204002350000103a
:1070800021800202700003246e0043107100432827
:10709000130060106e000324830043106f0003246c
:1070a000d3ff4314ffff02242538200225300000bf
:1070b000a544400fb000a4277f004010b800a28f65
:1070c000b000a6279800a5270100422425204002f1
:1070d000df4e400fb800a2af1e0000102180020258
:1070e000750003243a00431078000324460043103f
:1070f00073000324bdff4314800002246e00a21419
:10710000b800a28f2538000001004224b800a2afc9
:107110000000228e04004324000023ae76000010fd
:107120000000468c445f400fb000a427620040106e
:10713000b800a28fb000a6279800a527010043241d
:10714000b800a3af00004780df19400f25204002a0
:1071500021800202218070022a98130277006012b7
:107160000080023c4f000324a80043acffff13241f
:10717000e400bf8f25106002e000b58fdc00b48f03
:10718000d800b38fd400b28fd000b18fcc00b08fb5
:107190000800e003e800bd2725382002010006248e
:1071a000a544400fb000a42743004010b800a28fb0
:1071b000b000a6279800a527010042242520400200
:1071c0003247400fb800a2afe2ff00102180020258
:1071d0002538200225300000a544400fb000a42728
:1071e00035004010b800a28fb000a6279800a52750
:1071f00001004224252040021d53400fb800a2afd9
:10720000d4ff001021800202253820022530000022
:10721000a544400fb000a42727004010b800a28f5b
:1072200001004324b800a3af00004780b000a627a8
:107230009800a527a73b400f25204002c5ff00105e
:10724000218002022538200225300000f0000524ac
:10725000a544400fb000a42717004010b800a28f2b
:10726000b400a38f01004224b800a2afb000a28fe7
:1072700025104300edff401478000724ec61400f17
:10728000d89284269800a38fa000a78f25304000b5
:107290001000a3afd8928526a54d400f25204002af
:1072a000acff00102180020225382002213070023c
:1072b000554f400fb000a427b800a28f0100422410
:1072c000a4ff0010b800a2af80000224faffa214ad
:1072d000b800a28f01000724b000a62701004224b5
:1072e000b800a2af0000228e040043240000428cac
:1072f000000023aeb000a2a39800a5278755400f39
:107300002520400293ff0010218002028000022409
:10731000e9ffa214b800a28fa000a78f01004224a9
:10732000b800a2af9800a28f1000a2af029d053c4a
:1073300001000624d8ff0010e092a524a5fe00104d
:04734000259800028a
:020000040000fa
:020000041d00dd
:1073440090ffbd275c00b0af2580a0005000a527aa
:107354006800b3af6400b2af6000b1af6c00bfaf00
:10736400259080004836400f2588c0003300401423
:1073740025984000160000125000af8f0000258ea3
:107384000600e32d2d00601080280500009d043cbc
:10739400ac73862480100f000a38c27c019d083c1f
:1073a4000800e000e4790625e875009dfc75009d61
:1073b4002476009dd475009d1076009dc473009db5
:1073c400019d0e3c7160400f247ac4255000af8f9c
:1073d4000600f82d19000013009d193c80980f0039
:1073e400f4733f270a28f37f0800a0000000000080
:1073f4008474009da074009db874009d4475009d24
:107404006074009d7474009d0000438e00006b80c6
:10741400f7ff7025ff0018321800192fdb00201722
:107424005d000724120167150100782400002f8ee7
:10743400000058aefffff225000032ae6c00bf8f93
:10744400251060026400b28f6800b38f6000b18fb2
:107454005c00b08f0800e0037000bd272528000001
:10746400c64a400f25204002f4ff00102598400032
:10747400d151400f25204002f0ff00102598400014
:10748400253800002530000025280000211e400f6b
:1074940025204002e9ff0010259840002530000017
:1074a400252800009939400f25204002e3ff0010f1
:1074b40025984000c25d400f25204002dfff4014a4
:1074c400259840000000438e00006d80f7ffa22540
:1074d400ff0048301800092d140020118000043cde
:1074e40001000a2413009f2404580a0124607f0128
:1074f4000600801501000524770000100000338e7b
:107504002410df00740040500000338e0100632417
:10751400000043ae00006d80f7ffae25ff00cf31c1
:107524001800f82df6ff00170430e5017d0007244c
:107534006800a71501007924c0ff0010000059aeaf
:10754400d75d400f25204002bcff40142598400021
:107554000000478e0000eb80f7ff6325ff006630d4
:107564001800c22c14004010010004248000093cbf
:107574000440c40013003825245018012d00401184
:107584000100e324050000100100192404f8b901e6
:107594002428f8032700a01001006324000043ae50
:1075a40000006b80f7ff6c25ff008d311800ae2db5
:1075b400f6ffc015253860005d000f241e006f55ce
:1075c4000000338e0100f0249cff0010000050ae38
:1075d400019d0a3c7160400f0c7a44257cff001029
:1075e4005000af8f019d0d3c7160400fe879a425d8
:1075f40077ff00105000af8f019d0c3c7160400f6d
:10760400f479842572ff00105000af8f019d093c6e
:107614007160400f187a24256dff00105000af8f61
:10762400019d0b3c7160400f007a642568ff0010d7
:107634005000af8f0000338e01006626000026ae96
:107644002530200225280002d11c400f25204002ad
:107654007aff4014259840000000438e00006c809f
:10766400f7ff8225ff0058301800082f140000117e
:107674000100042480000a3c0448040313005f252d
:1076840024583f0141006011010005240500001049
:10769400010063242410df003d0040100100082491
:1076a40001006324000043ae00006c80f7ff8d25c9
:1076b400ff00b83118000e2ff6ffc0150430050383
:1076c4002c00072450ff871501006f24dcff0010f5
:1076d40000004fae0000338e01006826000028ae83
:1076e400400006241000a5277e4a400f25204002b2
:1076f40052ff40142598400025302002252800021e
:10770400d11c400f252040024cff40142598400016
:107714000000458e0000ad80f7ffa925ff00393138
:1077240018002a2f140040110100042480000c3c8e
:1077340004582403130086252418660131006010c0
:107744000100aa24050000100100022404402203c1
:10775400244806012a00201101004a2500004aaeef
:1077640000004d81f7ffae25ff00d93118002f2fff
:10777400f6ffe015252840012c0018241900b8153f
:107784000100a724d6ff0010000047ae0100082422
:107794008000093c04200803130039252450990073
:1077a40033004011010066240500001001001f246d
:1077b4000428bf012480b9002d0000120100c62452
:1077c400000046ae0000cb80f7ff6c25ff008d3132
:1077d4001800ae2df6ffc0152518c00011ff0010cb
:1077e4005d0007240000458e0000ad80f7ffb02542
:1077f400ff00193218003f2f1600e0137d00072404
:107804000100042480000c3c0458240313009f2529
:1078140024187f01180060100100a924050000103d
:10782400010006240410e60124405f001200001148
:1078340001002925000049ae00002d81f7ffae2587
:10784400ff00cf311800f82df6ff0017252820017e
:107854007d0007240800a7150100b9240000308e1c
:10786400000059aeffff1226f4fe0010000032aef5
:10787400f2fe001004001324f0fe00100300132491
:020000040000fa
:020000041d00dd
:10788400b0ffbd272c00b1af2588a0001c00a527a0
:107894004000b6af3c00b5af3800b4af3400b3af6e
:1078a4004c00bfaf4800beaf4400b7af3000b2af2a
:1078b4002800b0af25a0800025b0c0004836400f96
:1078c4002598e0002900401425a840001c00b58f2d
:1078d4003300a016259000000000828e009d173c06
:1078e40001004324000083ae029d083c029d1e3c1f
:1078f400050020520000908e2b2056021b00805061
:10790400090015240000908e000005829000a0104c
:10791400ff00a6302000c72c8f00e0145c0009246f
:107924002d00a91001000b2622000a240900aa1028
:1079340000008baef3ff20122168320200000c829b
:1079440001005226ecff20160000aca1eeff00104f
:107954000000908e0300201221403202000000a19a
:107964000100522601006056000072ae4c00bf8f29
:107974002510a0024800be8f4400b78f4000b68f88
:107984003c00b58f3800b48f3400b38f3000b28f11
:107994002c00b18f2800b08f0800e0035000bd27f1
:1079a4004c00bf8f020015242510a0024800be8f92
:1079b4004400b78f4000b68f3c00b58f3800b48fb9
:1079c4003400b38f3000b28f2c00b18f2800b08ff9
:1079d4000800e0035000bd2701000e92deffcf2512
:1079e400ff00f8315400192fcd00201380f818003f
:1079f400047ae2260a185f7c080060000000000098
:107a0400047c009d247d009d247d009d247d009d9b
:107a1400247d009d247d009d247d009d247d009d6a
:107a2400247d009d247d009d247d009d247d009d5a
:107a3400247d009d287c009d247d009d247d009d47
:107a4400247d009d247d009d247d009d247d009d3a
:107a5400247d009d247d009d247d009d247d009d2a
:107a6400247d009d247d009d247d009d247d009d1a
:107a7400247d009d247d009d247d009d247d009d0a
:107a8400247d009d247d009d247d009d247d009dfa
:107a9400247d009d247d009d247d009d247d009dea
:107aa400247d009d247d009d247d009d247d009dda
:107ab400247d009d247d009d247d009d247d009dca
:107ac400247d009d247d009d247d009d247d009dba
:107ad400247d009d247d009d247d009d247d009daa
:107ae400247d009d247d009ddc7c009d247d009de3
:107af400247d009d247d009d247d009d247d009d8a
:107b0400007d009d247d009d247d009d247d009d9d
:107b14004c7c009d247d009d247d009d247d009d42
:107b2400247d009d247d009d247d009d247d009d59
:107b3400707c009d247d009d247d009d247d009dfe
:107b4400947c009d247d009db87c009d647b009df9
:107b540086ff00100800152484ff00100a00152475
:107b6400020004823163400f2000a8af7fff405021
:107b74000c0015243163400f030004827bff405046
:107b84000c0015243163400f0400048277ff405039
:107b94000c0015243163400f0500048273ff40502c
:107ba4000c001524020007262000b08f05000524d0
:107bb4001000a4274363400f2c9306261000a4272b
:107bc4001800a627b762400f3093c527010004248c
:107bd40066ff44540d001524050020122000a88fd0
:107be4001800a68f21283202010052260000a6a008
:107bf4000000878e0600e9243dff0010000089aed6
:107c04000500201221383202220009240000e9a0d4
:107c14000000908e0100522602000a2634ff001054
:107c240000008aaefcff2012212832022f00062415
:107c34000000a6a00000908e0100522602000a2631
:107c44002bff001000008aaef3ff201221c0320285
:107c54000c001924000019a30000908e0100522684
:107c640002000a2622ff001000008aaeeaff20125a
:107c7400217032020a000f240000cfa10000908e70
:107c84000100522602000a2619ff001000008aaee5
:107c9400e1ff2012216032020d000d2400008da1ad
:107ca4000000908e0100522602000a2610ff0010e8
:107cb40000008aaed8ff20122150320209000b24a2
:107cc40000004ba10000908e0100522602000a26fb
:107cd40007ff001000008aaecfff201221203202dd
:107ce4005c000324000083a00000908e0100522653
:107cf40002000a26fefe001000008aaec6ff201213
:107d040021f83202080002240000e2a30000908e51
:107d14000100522602000a26f5fe001000008aae79
:107d240012ff00100b00152410ff00100c00152486
:020000040000fa
:020000041d00dd
:107d34002601a01000000000d0ffbd2784008a2483
:107d44002c00beaf2800b7af2400b6af2000b5affb
:107d54001c00b4af1800b3af1400b2af1000b1af41
:107d64000c00b0af0000aaafc240050025200000ff
:107d740025180000253800002510000020000b24e1
:107d840024000c240000468d252800000648a60087
:107d940001002d314200a0550100a5240a18e2007b
:107da4000a20a200010042244b0002110100a52474
:107db4000670a6000100cf313e00e0150100b0249a
:107dc4000a18e2000a20a200010042244200021123
:107dd4000100b02406880602010032323a00405203
:107de4000a18e200251000000200b32406a066026f
:107df40001009532c100a0520a18e2000300b62423
:107e040006b8c6020100f832c400001325100000b1
:107e14000400b92406f026030100c933c800201168
:107e2400251000000500ad240670a6010100cf3125
:107e3400cc00e011251000000600b02406880602dc
:107e440001003232d000401225100000251000003d
:107e54000700a524ceffab140648a6001f00485017
:107e6400240066280100e724c6ffec1404004a2518
:107e7400ffff02342c00be8f2800b78f2400b68f7a
:107e84002000b58f1c00b48f1800b38f1400b28f7c
:107e94001000b18f0c00b08f0800e0033000bd2744
:107ea4000670a6000100cf31c5ffe01125100000c7
:107eb4000100b0240688060201003232c9ff4016d0
:107ec400251000000a18e2000a20020201004224e0
:107ed400c6ff02150200b32424006628252880006a
:107ee4007800c01025c0600020009328ad00601207
:107ef4000100142404a894000000b78f80b0180077
:107f0400ffff42242138f6020000f98c25303503a6
:107f14006c0040100000e6ac27f005000700c933f0
:107f24002000102436002011010008240100a5249b
:107f34000468a8002530cd00ffff422461004010f2
:107f44000000e6ac2e00281102000e2426002e119b
:107f540003000f241e002f110400112416003111f8
:107f6400050012240e00321106000b2407002b1109
:107f74000100a5240460a8002530cc00ffff4224a2
:107f8400500040100000e6ac0100a5240450a800f5
:107f94002530ca00ffff42244a0040100000e6ac2e
:107fa4000100a5240498a8002530d300ffff422433
:107fb400440040100000e6ac0100a52404a0a80081
:107fc4002530d400ffff42243e0040100000e6ac00
:107fd4000100a52404a8a8002530d500ffff4224f1
:107fe400380040100000e6ac0100a52404b0a8004d
:107ff4002530d600ffff4224320040100000e6acda
:108004000300b924045028030100b9240200b72452
:108014000500af24049028030448e8020458e8014a
:108024002578d2000400be242548e9010460c80371
:1080340025502a010600ad2425604c010700ae241a
:1080440004b8a80125588b0104f0c80125687701fc
:108054000800a5242570be010488a800ffff52244f
:10806400feff5324fdff5424fcff5624fbff55243c
:10807400faff5724f9ff5e244a0030132530d1015a
:10808400f8ff42240f0040120000efac0d00601214
:108094000000e9ac0b0080120000eaac0900c01239
:1080a4000000ecac0700a0120000ebac0500e012ed
:1080b4000000edac0300c0130000eeacd0ff401490
:1080c4000000e6ac4011030021c04400ffff02336e
:1080d4002c00be8f2800b78f2400b68f2000b58fe8
:1080e4001c00b48f1800b38f1400b28f1000b18f2e
:1080f4000c00b08f0800e0033000bd270a206202a4
:108104000100422474ff02110300b62406b8c6021b
:108114000100f8323fff00170400b9240a18e200f6
:108124000a20c202010042246bff02110400b92498
:1081340006f026030100c9333bff20150500ad24da
:108144000a18e2000a2022030100422462ff0211fd
:108154000500ad240670a6010100cf3137ffe015fc
:108164000600b0240a18e2000a20a20101004224f9
:1081740059ff02110600b0240688060201003232bb
:1081840033ff4056251000000a18e2000a200202bc
:10819400010042242fff02150700a5244fff001001
:1081a40024006628c7ff4010010018272400072474
:1081b4002528000050ff0717010015244011030073
:1081c40021c04400c2ff0010ffff02330800e00397
:0481d400ffff023473
:020000040000fa
:020000041d00dd
:1081d800d8f7bd272008b4af1c08b3af1008b0af5c
:1081e8002408bfaf1808b2af1408b1af25988000b3
:1081f8002580a000019d143c0400028e2800668e94
:108208000008052409f840001000a427b800401011
:108218001000b127030043305a0060102190220259
:108228000100042419006410020005240d006550a3
:108238000c040d8e0c04078e1000a6930a00082467
:10824800214807020c0026a1db00c8100100e72422
:108258000004ea2c610040110c0407ae1100b1279c
:108268000c040d8e00002e920a000f2421c00d026e
:108278000c000ea3c700cf110100a7250004f92c9c
:10828800500020130c0407ae010031260c04058ea3
:10829800000026920a000324212005020c0086a073
:1082a8009b00c3100100a7240004e82c81000011e2
:1082b8000c0407ae01003126cfff51120a000c242e
:1082c8000c04078e00002b92216807020c00aba15a
:1082d80033006c150100e7240c000f925e0018248f
:1082e8000c000626252800029200f81125206002bd
:1082f8007729400f000000000c0400ae0c04198e12
:1083080001003f920a0002242128190201003126a7
:108318000c00bfa06d00e213010027270004e62c23
:108328004f00c0100c0407ae0c04088e01002992ff
:108338000a000a24213808020c00e9a054002a1176
:10834800010007250004eb2c300060110c0407ae77
:108358000c040e8e02002f920a00182421c80e0267
:108368000c002fa33500f8110100c7250004ff2ccd
:108378002000e0130c0407ae030031269fff515282
:108388000400028e0c04078e00002b920a000c24b5
:10839800216807020c00aba1cfff6c110100e72494
:1083a8000004ee2cd5ffc0150c0407ae0000068ea5
:1083b80034698526295d400f25206002cfff001013
:1083c8000c0400ae0000068e34698526295d400f36
:1083d80025206002acff00100c0400ae0000068ee1
:1083e80034698526295d400f252060029bff001017
:1083f8000c0400ae0000068e34698526295d400f06
:1084080025206002dcff00100c0400ae0000068e80
:1084180034698526295d400f252060020c0400aed2
:108428000c040e8e02002f920a00182421c80e0296
:108438000c002fa3cdfff8150100c7250c000592ed
:108448005e0002244900a2100c000626252800021e
:108458007729400f25206002c7ff00100c0400aeea
:108468000000068e34698526295d400f25206002ac
:108478000c0400ae0c04088e010029920a000a249c
:10848800213808020c00e9a0aeff2a1501000725d3
:108498000c000c925e000d242f008d110c00062696
:1084a800252800027729400f25206002a8ff001028
:1084b8000c0400ae0000068e34698526295d400f45
:1084c800252060027bff00100c0400ae0c00039214
:1084d8005e0004241b0064100c00062625280002f8
:1084e8007729400f252060028fff00100c0400ae92
:1084f8002408bf8f2008b48f1c08b38f1808b28fc8
:108508001408b18f1008b08f0800e0032808bd27b1
:108518000c0009925e000a2419002a110c00062694
:10852800252800027729400f2520600261ff0010ee
:108538000c0400aebf52400f000000006fff001097
:108548000c0400ae25280002bf52400f252060020f
:1085580075ff00100c0400ae25280002bf52400f22
:10856800252060027aff00100c0400ae25280002c6
:10857800bf52400f252060027fff00100c0400aea0
:1085880025280002bf52400f2520600249ff001035
:108598000c0400ae0c001f925e0002241400e213cb
:1085a8000c000626252800027729400f25206002a6
:1085b80035ff00100c0400ae0c000b925e000c247a
:1085c80006006c110c000626252800027729400faa
:1085d8002520600221ff00100c0400ae25280002af
:1085e800bf52400f252060021cff00100c0400ae93
:1085f80025280002bf52400f2520600222ff0010ec
:048608000c0400aeb0
:020000040000fa
:020000041d00dd
:10860c000c00a2300801401400000000ffff83247e
:10861c00feff682cfb0000110000000000008a9097
:10862c00f800401100000000b8ffbd273800b6afbd
:10863c000c00968c3c00b7af0f00b7304000beafbb
:10864c00ff00fe3280201e006c00cb8e21489e0065
:10865c00c06009002800b2af4400bfaf3400b5af12
:10866c003000b4af2c00b3af2400b1af2000b0afda
:10867c005400d28e1c00c01721686c010c00bf8df9
:10868c002000a28d0800a6ad0100e8374400bf8f82
:10869c0001004a341c00a6ad010006240000a0ad68
:1086ac000400a7a50c00a8ad1400a0ad1800a7a548
:1086bc002000aaad25100000060046a64000be8f83
:1086cc003c00b78f3800b68f3400b58f3000b48fb4
:1086dc002c00b38f2800b28f2400b18f2000b08ff4
:1086ec000800e0034800bd2720a4057c0000912a67
:1086fc00140005240a2811002188a5010c002e8ed7
:10870c000100d39225a8e0000100cf35000020ae77
:10871c00040027a6080026ae0c002fae140060162d
:10872c000200d892720000576000c48e6800c79295
:10873c00010010246c00f0506800c0a2251000004d
:10874c004400bf8f4000be8f3c00b78f3800b68fff
:10875c003400b58f3000b48f2c00b38f2800b28f4b
:10876c002400b18f2000b08f0800e0034800bd2723
:10877c00259800001400a0af640000131000a0aff7
:10878c005200a012252800000200b92e9f002017cd
:10879c00010005240100102440f81000fffff03305
:1087ac002b101502fdff401440f810002528000284
:1087bc002520c0024d1f400f1800a6af1800a68f31
:1087cc00100022a6020000102528000025284001d8
:1087dc004280100001000832fcff00110100aa24a5
:1087ec00feffa4240f0083300c004b8eff00f732e9
:1087fc00ff07b532ff1f49300e004c92490080062e
:10880c0001000d240418ec7e0e004ca214004596b9
:10881c00001c747d0450a57e140045a6660051967c
:10882c000460317d660051a616004e92c439ae7daf
:10883c0016004ea263004f9204186f7c63004fa287
:10884c005800cd10030007246600c710000000007c
:10885c00170058920421187c170058a21700509248
:10886c008431107c170050a20e00469201000224a5
:10887c0004f0c2030418867e0e0046a20800489637
:10888c002550c803ffff4431080044a60100d292d2
:10889c00050040560200d9921400b08f4a00001611
:1088ac00000000000200d992030020171000a38fd3
:1088bc004100601400000000a1ff601225100000b0
:1088cc00010013249eff00106800d3a22520c002d3
:1088dc004d1f400f1800a6af100022a625800000e7
:1088ec00b8ff00101800a68f259840016000c48eb8
:1088fc00165e400f1000a6af0200d8921000a68f93
:10890c001400a2af9eff00171000a0af6400c48e2d
:10891c00165e400f1800a6af1000a2af98ff001013
:10892c001800a68f0418ec7e0e004ca2100057966f
:10893c00ff00d430001c6b7d0450b77e100057a68e
:10894c00640055960460357d640055a6120049926a
:10895c008431a97d120049a262004c9204186c7cef
:10896c0062004ca2130045921b008d528431857e0f
:10897c008431057c130045a20e004d920100112498
:10898c000470d10304186d7d0e004da206004f96a5
:10899c002538cf01fffff830060058a6bcff0010a9
:1089ac000100d29217005f928431df7c17005fa226
:1089bc00adff0010000000007162400f6400c48e17
:1089cc00bdff0010000000007162400f6000c48efb
:1089dc00b5ff00100200d992130045a2e6ff00106b
:1089ec0000000000170059920421b97d170059a20c
:1089fc00170043928431037c170043a29aff0010a6
:108a0c00000000000800e00383ff02242520c002c0
:108a1c004d1f400f1800a6af100022a60d00032416
:108a2c0071ff00101800a68f0800e00384ff0224d9
:020000040000fa
:020000041d00dd
:108a3c00a100a010d3ff0224000082a00000c88c6b
:108a4c000200a72c0400c38cfc00e014ff000931c9
:108a5c000a000a2486002a11db000d2482002d5501
:108a6c00010089a0dbff0e24ddff0f2401008ea086
:108a7c0002008fa0030002242bc045008f000013be
:108a8c00003a197d0a00092401004724900029139b
:108a9c0021508200db000e24e2002e132178870087
:108aac00000059a12510e0002b3845008300e01090
:108abc00003c097d0a000b2401004c24d2002b1130
:108acc0021508200db001824c900381121c88c0009
:108adc00000049a1251080012b5045007100401168
:108aec00024608000a000b2401004c24b9000b11ab
:108afc0021688200db001824b000181121c88c00fa
:108b0c000000a8a1251080012b50450065004011e4
:108b1c00ff0068300a000b2401004c24a0000b114c
:108b2c0021688200db0018249700181121c88c00e2
:108b3c000000a8a1251080012b50450059004011c0
:108b4c00003a687c0a000b2401004c2487000b11ae
:108b5c0021688200db0018247e00181121c88c00cb
:108b6c000000a8a1251080012b5045004d0040119c
:108b7c00003c687c0a000b2401004c246e000b1195
:108b8c0021688200db0018246500181121c88c00b4
:108b9c000000a8a1251080012b5045004100401178
:108bac00021e03000a000b2401004c2455006b101c
:108bbc0021408200db0018244c00781021c88c0066
:108bcc00000003a1251080010c00d88c200000139c
:108bdc002b504500251800000a000c24dbff0d2447
:108bec00dcff0f24db000b2409000010ddff0e243a
:108bfc00000027a30c00d88c251000012b50050178
:108c0c00010063242b4078001100001100000000cb
:108c1c00fbff4011010048240800ca8c8a39437daf
:108c2c001900ec1021c8820021c08800f0ffeb1461
:108c3c000200422400002da300000ea30c00d88ccf
:108c4c00010063242b407800f1ff00152b504500e8
:108c5c0017004011212082000a0005240100422443
:108c6c000800e003000085a083ff0010020002242e
:108c7c00dbff0b24dcff0c2401008ba002008ca07a
:108c8c007dff0010030002242148880000002da362
:108c9c000200422400002fa12b504500d8ff0010e9
:108cac000c00d88c0c00d88ccbff001725180000ba
:108cbc000800e00300000000251000000c00d88c18
:108ccc00c4ff00172b5045000800e0030000000013
:108cdc0021588700dbff0c24dcff0d2400004ca185
:108cec000200422470ff001000006da1dbff07247e
:108cfc00ddff0924000007a102004224b2ff00108e
:108d0c00000029a321688c00dbff0e24dcff0f245c
:108d1c0000000ea102004224abff00100000afa126
:108d2c00dbff0724ddff09240000a7a10200422479
:108d3c0099ff0010000029a321508c00dbff0e24aa
:108d4c00dcff0f240000aea10200422492ff0010b1
:108d5c0000004fa1dbff0724ddff09240000a7a1c1
:108d6c000200422480ff0010000029a321508c0037
:108d7c00dbff0e24dcff0f240000aea10200422416
:108d8c0079ff001000004fa1dbff0724ddff092451
:108d9c000000a7a10200422467ff0010000029a3d5
:108dac0021508c00dbff0e24dcff0f240000aea151
:108dbc000200422460ff001000004fa1dbff0724db
:108dcc00ddff09240000a7a1020042244eff001081
:108ddc00000029a321508c00dbff0e24dcff0f24a4
:108dec000000aea10200422447ff001000004fa17a
:108dfc00dbff0724ddff0924000047a10200422409
:108e0c0035ff0010000029a321688c00dbff0e2425
:108e1c00dcff0f2400004ea1020042242eff0010a4
:108e2c000000afa1dbff1824ddff1924000058a1be
:108e3c00020042241cff00100000f9a19fff00104b
:048e4c0001000224fb
:020000040000fa
:020000041d00dd
:108e5000888888888888888e888888e8888888eec6
:108e600088888e8888888e8e88888ee888888eee9e
:108e70008888e8888888e88e8888e8e88888e8ee26
:108e80008888ee888888ee8e8888eee88888eeeefe
:108e9000888e8888888e888e888e88e8888e88ee6e
:108ea000888e8e88888e8e8e888e8ee8888e8eee46
:108eb000888ee888888ee88e888ee8e8888ee8eece
:108ec000888eee88888eee8e888eeee8888eeeeea6
:108ed00088e8888888e8888e88e888e888e888eec6
:108ee00088e88e8888e88e8e88e88ee888e88eee9e
:108ef00088e8e88888e8e88e88e8e8e888e8e8ee26
:108f000088e8ee8888e8ee8e88e8eee888e8eeeefd
:108f100088ee888888ee888e88ee88e888ee88ee6d
:108f200088ee8e8888ee8e8e88ee8ee888ee8eee45
:108f300088eee88888eee88e88eee8e888eee8eecd
:108f400088eeee8888eeee8e88eeeee888eeeeeea5
:108f50008e8888888e88888e8e8888e88e8888eead
:108f60008e888e888e888e8e8e888ee88e888eee85
:108f70008e88e8888e88e88e8e88e8e88e88e8ee0d
:108f80008e88ee888e88ee8e8e88eee88e88eeeee5
:108f90008e8e88888e8e888e8e8e88e88e8e88ee55
:108fa0008e8e8e888e8e8e8e8e8e8ee88e8e8eee2d
:108fb0008e8ee8888e8ee88e8e8ee8e88e8ee8eeb5
:108fc0008e8eee888e8eee8e8e8eeee88e8eeeee8d
:108fd0008ee888888ee8888e8ee888e88ee888eead
:108fe0008ee88e888ee88e8e8ee88ee88ee88eee85
:108ff0008ee8e8888ee8e88e8ee8e8e88ee8e8ee0d
:109000008ee8ee888ee8ee8e8ee8eee88ee8eeeee4
:109010008eee88888eee888e8eee88e88eee88ee54
:109020008eee8e888eee8e8e8eee8ee88eee8eee2c
:109030008eeee8888eeee88e8eeee8e88eeee8eeb4
:109040008eeeee888eeeee8e8eeeeee88eeeeeee8c
:10905000e8888888e888888ee88888e8e88888ee44
:10906000e8888e88e8888e8ee8888ee8e8888eee1c
:10907000e888e888e888e88ee888e8e8e888e8eea4
:10908000e888ee88e888ee8ee888eee8e888eeee7c
:10909000e88e8888e88e888ee88e88e8e88e88eeec
:1090a000e88e8e88e88e8e8ee88e8ee8e88e8eeec4
:1090b000e88ee888e88ee88ee88ee8e8e88ee8ee4c
:1090c000e88eee88e88eee8ee88eeee8e88eeeee24
:1090d000e8e88888e8e8888ee8e888e8e8e888ee44
:1090e000e8e88e88e8e88e8ee8e88ee8e8e88eee1c
:1090f000e8e8e888e8e8e88ee8e8e8e8e8e8e8eea4
:10910000e8e8ee88e8e8ee8ee8e8eee8e8e8eeee7b
:10911000e8ee8888e8ee888ee8ee88e8e8ee88eeeb
:10912000e8ee8e88e8ee8e8ee8ee8ee8e8ee8eeec3
:10913000e8eee888e8eee88ee8eee8e8e8eee8ee4b
:10914000e8eeee88e8eeee8ee8eeeee8e8eeeeee23
:10915000ee888888ee88888eee8888e8ee8888ee2b
:10916000ee888e88ee888e8eee888ee8ee888eee03
:10917000ee88e888ee88e88eee88e8e8ee88e8ee8b
:10918000ee88ee88ee88ee8eee88eee8ee88eeee63
:10919000ee8e8888ee8e888eee8e88e8ee8e88eed3
:1091a000ee8e8e88ee8e8e8eee8e8ee8ee8e8eeeab
:1091b000ee8ee888ee8ee88eee8ee8e8ee8ee8ee33
:1091c000ee8eee88ee8eee8eee8eeee8ee8eeeee0b
:1091d000eee88888eee8888eeee888e8eee888ee2b
:1091e000eee88e88eee88e8eeee88ee8eee88eee03
:1091f000eee8e888eee8e88eeee8e8e8eee8e8ee8b
:10920000eee8ee88eee8ee8eeee8eee8eee8eeee62
:10921000eeee8888eeee888eeeee88e8eeee88eed2
:10922000eeee8e88eeee8e8eeeee8ee8eeee8eeeaa
:10923000eeeee888eeeee88eeeeee8e8eeeee8ee32
:10924000eeeeee88eeeeee8eeeeeeee8eeeeeeee0a
:020000040000fa
:020000041d00dd
:109250000c00c28cb0ffbd273800b4af2800b0afff
:1092600025a0e0001000d08c4400b7af4000b6af9e
:109270003c00b5af3400b3af3000b2af2c00b1af9b
:10928000259880000800d18c4c00bfaf4800beafcd
:109290005400a5af5056400f1800a2af0000848eb6
:1092a000ffff03260a88710021108200000082aeb1
:1092b0002a1071000a1822021800b18f2400a3afef
:1092c000010017242580000025b000002590000033
:1092d00025a800002000a0af2400a28f2a100202bf
:1092e000170040101c00b0af3c00628e4c00638e33
:1092f0002b18430023006010010043243c0063aea0
:1093000000005e90d5ffc2274408027c2510520061
:10931000390040542000a28f2f00005200003ea2ce
:109320002d00b05200003ea24c00628e050040109d
:109330001800a28f3c00628effff42243c0062ae08
:109340001800a28f1c00a38f1000a5272520400025
:1093500021984300b163400f000060a25400a28f27
:109360001000a38f000040f41800a28f26a0620016
:10937000feff0224010003240a1854000900001013
:1093800025f060000454400f2520600225f04000c5
:10939000ffff0224dbffc2171c00a28fe9ff40146d
:1093a0001800a28f4c00bf8f2510c0034400b78f58
:1093b0004800be8f4000b68f3c00b58f3800b48f98
:1093c0003400b38f3000b28f2c00b18f2800b08fe3
:1093d0000800e0035000bd270000828e0100122427
:1093e00001004224000082ae010010260100f72691
:1093f000b9ff0010010031260c0040142e00022499
:109400000a00c21700000000c8ffa0564c00628e80
:1094100000003ea20000828e01004224000082aec5
:1094200001000224f0ff00102000a2af4c00a016a3
:10943000000000000e00c0122520c003aa63400fe8
:1094400000000000700042380100422c4200401031
:109450000100422600003ea20000828e25900000fe
:1094600025a8e00201004224dfff0010000082aec8
:10947000aa63400f00000000f3ff001065004238af
:10948000aa63400f2520c00378000424340044144c
:1094900030000224ffff248231008214000000000b
:1094a00000003ea20000828e01001624010042242a
:1094b000cdff0010000082ae0a00422c2d000010eb
:1094c000010042380454400f2520600225884000e6
:1094d000ffff02249bff22521800a28f44000010bd
:1094e00025202002aa63400f00000000801817000a
:1094f0002118a3031000638c2118760000006380fc
:10950000450043142a1055021800a28f0100d626e8
:1095100021a85500030002242b00c2160000b1a2ae
:10952000030002261c00a2af0000828e030042242a
:1095300083ff0010000082aef3ff001025b800008a
:10954000f1ff0010010017240000828e0100422468
:10955000a5ff0010000082aec9ff501000000000ff
:10956000d5ffc012d0ffc2273163400f2520c003b2
:109570000100422cf4ff405000003ea24c00628edd
:1095800004004010000000003c00628effff4224f7
:109590003c0062ae6aff1216029d023c8c9342248c
:1095a0001000a2af2400a28f020012262a1042024d
:1095b00063ff4010029d023c909342241400a2af2e
:1095c00025b00000ffff17243c00628e4c00638e24
:1095d0002b184300bbff601021a8d00201004324d8
:1095e0003c0063ae00005190ffff022425202002c2
:1095f000bcffe21600000000aa63400f000000005c
:109600002588400069000224cbff22126e0002244c
:10961000cbff22122a105502c2ff4014030002267b
:10962000ffffb5262a10b00246ff40141800a28f93
:109630004c00628efbff4050ffffb5263c00628e5f
:0c964000ffff4224f6ff00103c0062ae69
:020000040000fa
:020000041d00dd
:10964c009800a01025100000ceff0224000082a07c
:10965c000000c88c0200a72c0400c38cf000e0149e
:10966c00ff0009310a000a247f002a11db000d24b7
:10967c007b002d55010089a0dbff0e24ddff0f249c
:10968c0001008ea002008fa0030002242b3845009d
:10969c005300e010003a187d0a00192401004724f9
:1096ac00d800191321508200db000d24cf000d13bc
:1096bc0021708700000058a12510e0002b384500d0
:1096cc004700e010003c197d0a000b2401004724e0
:1096dc00bf002b1321508200db000e24b6002e138a
:1096ec0021788700000059a12510e0002b38450097
:1096fc003b00e010024608000a000b24010047243e
:10970c00a6000b1121608200db000e249d000e11bf
:10971c0021788700000088a12510e0002b38450037
:10972c002f00e010ff0068300a000b2401004724d2
:10973c008d000b1121608200db000e2484000e11c1
:10974c0021788700000088a12510e0002b38450007
:10975c002300e010003a687c0a000b240100472427
:10976c0074000b1121608200db000e246b000e11c3
:10977c0021788700000088a12510e0002b384500d7
:10978c001700e010003c687c0a000b240100472401
:10979c005b000b1121608200db000e2452000e11c5
:1097ac0021788700000088a12510e0002b384500a7
:1097bc000b00e010021e03000a000b2401004724da
:1097cc0041006b1021408200db000d2437006d102e
:1097dc00217087002510e000000003a12b38e50064
:1097ec000800d98c0a000824dbff0c24dcff0e24b3
:1097fc00db000b24ddff0d240000268321488200b2
:10980c00010039271000c010ff00c330fbffe050ef
:10981c0000002683010047241d006810020042242a
:10982c0017006b1021788700000023a1000026830d
:10983c002510e000010039272b38e5002148820073
:10984c00f2ffc014ff00c3300300e0100a00042430
:10985c00000024a1010042240800e00300000000e5
:10986c008aff001002000224dbff0b24dcff0c2417
:10987c0001008ba002008ca084ff001003000224c6
:10988c0000002ca12b384500dbff00100000eda1df
:10989c002150870000002ca12b384500d6ff00106a
:1098ac0000004ea1ceff001025380000020042241b
:1098bc00dbff0f24ddff182400000fa12b3845001f
:1098cc00c7ff00100000d8a12160870002004224cd
:1098dc00dbff0a24dcff092400000aa12b38450019
:1098ec00bfff0010000089a1dbff1824ddff192445
:1098fc00000098a102004224acff00100000f9a166
:10990c0021508700dbff0924dcff0d24000089a116
:10991c0002004224a5ff001000004da1dbff18241b
:10992c00ddff1924000098a10200422493ff0010cf
:10993c000000f9a121508700dbff0924dcff0d2476
:10994c00000089a1020042248cff001000004da1f0
:10995c00dbff1824ddff1924000098a1020042242b
:10996c007aff00100000f9a121508700dbff0924c9
:10997c00dcff0d24000089a10200422473ff0010bb
:10998c0000004da1dbff1824ddff1924000098a175
:10999c000200422461ff00100000f9a12150870051
:1099ac00dbff0924dcff0d24000089a10200422406
:1099bc005aff001000004da1dbff1824ddff192415
:1099cc00000058a10200422448ff00100000f9a139
:1099dc0021608700dbff0924dcff0d24000049a176
:1099ec000200422441ff001000008da1dbff0f2478
:1099fc00ddff182400004fa1020042242fff0010ad
:109a0c000000d8a121588700dbff0924dcff0c24bf
:109a1c00000049a10200422428ff001000006ca1a4
:0c9a2c00010002246eff0010253800002d
:020000040000fa
:020000041d00dd
:109a38009800a01025100000c6ff0224000082a094
:109a48000000c88c0200a72c0400c38cf000e014ae
:109a5800ff0009310a000a247f002a11db000d24c7
:109a68007b002d55010089a0dbff0e24ddff0f24ac
:109a780001008ea002008fa0030002242b384500ad
:109a88005300e010003a187d0a0019240100472409
:109a9800d800191321508200db000d24cf000d13cc
:109aa80021708700000058a12510e0002b384500e0
:109ab8004700e010003c197d0a000b2401004724f0
:109ac800bf002b1321508200db000e24b6002e139a
:109ad80021788700000059a12510e0002b384500a7
:109ae8003b00e010024608000a000b24010047244e
:109af800a6000b1121608200db000e249d000e11d0
:109b080021788700000088a12510e0002b38450047
:109b18002f00e010ff0068300a000b2401004724e2
:109b28008d000b1121608200db000e2484000e11d1
:109b380021788700000088a12510e0002b38450017
:109b48002300e010003a687c0a000b240100472437
:109b580074000b1121608200db000e246b000e11d3
:109b680021788700000088a12510e0002b384500e7
:109b78001700e010003c687c0a000b240100472411
:109b88005b000b1121608200db000e2452000e11d5
:109b980021788700000088a12510e0002b384500b7
:109ba8000b00e010021e03000a000b2401004724ea
:109bb80041006b1021408200db000d2437006d103e
:109bc800217087002510e000000003a12b38e50074
:109bd8000800d98c0a000824dbff0c24dcff0e24c3
:109be800db000b24ddff0d240000268321488200c2
:109bf800010039271000c010ff00c330fbffe05000
:109c080000002683010047241d006810020042243a
:109c180017006b1021788700000023a1000026831d
:109c28002510e000010039272b38e5002148820083
:109c3800f2ffc014ff00c3300300e0100a00042440
:109c4800000024a1010042240800e00300000000f5
:109c58008aff001002000224dbff0b24dcff0c2427
:109c680001008ba002008ca084ff001003000224d6
:109c780000002ca12b384500dbff00100000eda1ef
:109c88002150870000002ca12b384500d6ff00107a
:109c980000004ea1ceff001025380000020042242b
:109ca800dbff0f24ddff182400000fa12b3845002f
:109cb800c7ff00100000d8a12160870002004224dd
:109cc800dbff0a24dcff092400000aa12b38450029
:109cd800bfff0010000089a1dbff1824ddff192455
:109ce800000098a102004224acff00100000f9a176
:109cf80021508700dbff0924dcff0d24000089a127
:109d080002004224a5ff001000004da1dbff18242b
:109d1800ddff1924000098a10200422493ff0010df
:109d28000000f9a121508700dbff0924dcff0d2486
:109d3800000089a1020042248cff001000004da100
:109d4800dbff1824ddff1924000098a1020042243b
:109d58007aff00100000f9a121508700dbff0924d9
:109d6800dcff0d24000089a10200422473ff0010cb
:109d780000004da1dbff1824ddff1924000098a185
:109d88000200422461ff00100000f9a12150870061
:109d9800dbff0924dcff0d24000089a10200422416
:109da8005aff001000004da1dbff1824ddff192425
:109db800000058a10200422448ff00100000f9a149
:109dc80021608700dbff0924dcff0d24000049a186
:109dd8000200422441ff001000008da1dbff0f2488
:109de800ddff182400004fa1020042242fff0010bd
:109df8000000d8a121588700dbff0924dcff0c24d0
:109e0800000049a10200422428ff001000006ca1b4
:0c9e1800010002246eff0010253800003d
:020000040000fa
:020000041d00dd
:109e2400ffff8224feff432cdb00601000000000d3
:109e340000008590d800a01000000000d8ffbd27c6
:109e44001800b1af0c00918c2400bfaf2000b3af59
:109e54005800248e1c00b2afd10080101400b0afa3
:109e640080003292d20040162400bf8f0100279256
:109e74005400308edd00e010259800000200289286
:109e8400d6000011000000000100099258002a8e3b
:109e94008431097c010009a2cb00401100000000bc
:109ea40006000b9600ff6c3106000ca608000d9608
:109eb40000ffae3108000ea602010f925900f831de
:109ec400020118a20001198e00043f7f0400e01370
:109ed4000000000002010292c418e27f020102a203
:109ee4000401038e0004657c0400a010000000003f
:109ef400060104920421a47c060104a20601069230
:109f0400b000c730060107a21201089259000931b6
:109f1400120109a210010a8e00044b7d0400601195
:109f24000000000012010c92c4186c7d12010ca2f6
:109f340014010d8e0004ae7d0400c0110000000069
:109f440016010f920421cf7d16010fa2160118925b
:109f5400b0001933160119a222011f925900e233ed
:109f6400220102a22001038e0004657c0400a010db
:109f74000000000022010492c418a47c220104a25f
:109f84002401068e0004c77c0400e01000000000d9
:109f9400260108920421e87c260108a226010992e0
:109fa400b0002a3126010aa232010b9259006c3109
:109fb40032010ca230010d8e0004ae7d0400c011ec
:109fc4000000000032010f92c418cf7d32010fa2ad
:109fd4003401188e0004197f0400201300000000cf
:109fe40036011f9204213f7f36011fa236010292df
:109ff4000c002392b0004530360105a20002029203
:10a00400010060540c0020a20402048e0002867c2d
:10a014000500c050140028920402078e0442077cf5
:10a02400040207ae1400289201000055140020a277
:10a034001402098e00022a7d050040511c002c9256
:10a0440014020b8e04420b7c14020bae1c002c92e7
:10a05400010080551c0020a224020d8e0002ae7d5a
:10a064000500c0512400389224020f8e04420f7c54
:10a0740024020fae2400389201000057240020a2cd
:10a084003402198e00023f7f0500e0532c00239216
:10a094003402028e0442027c340202ae2c0023926b
:10a0a400010060542c0020a24402058e0002a47c0e
:10a0b40005008050340027924402068e0442067c38
:10a0c400440206ae340027920100e054340020a27a
:10a0d4005402088e0002097d050020513c002b9299
:10a0e40054020a8e04420a7c54020aae3c002b92ab
:10a0f400010060553c0020a264020c8e00028d7d9c
:10a104000500a05144002f9264020e8e04420e7c7e
:10a1140064020eae44002f920100e055440020a2d8
:10a124007402188e0002197f04002013000000003e
:10a1340074021f8e04421f7c74021fae8562400f9e
:10a144006000248e8562400f6400248e01003092ea
:10a15400060000560200339204006052020033925b
:10a164007162400f6000248e02003392100060166a
:10a174002400bf8f0f0040122000b38f6400248e90
:10a184002400bf8f1c00b28f1800b18f1400b08f51
:10a194007162400b2800bd270800e00300000000a6
:10a1a4005d0026922fffc054800032922400bf8f9e
:10a1b4002000b38f1c00b28f1800b18f1400b08f31
:10a1c4000800e0032800bd27060000a6080000a63a
:10a1d4000b0000a232ff001000000000165e400fca
:10a1e4006400248e28ff001025904000165e400f66
:0ca1f4006000248e21ff00102598400020
:020000040000fa
:020000041d00dd
:10a200000c00838c010008242510a0000800878c16
:10a210000b0068101000868cbc00605025284000a0
:10a2200002000924b100691003001924b700791055
:10a23000252840001400858c2462400b2520e00076
:10a240002528e000dc00c0102148e600232027017b
:10a2500007008a30560040113f0006244900435150
:10a2600000004f8002000b243b004b1103000c2424
:10a270002f004c1104000d2423004d1105000e2465
:10a2800017004e1106000f240c004f5100004880ab
:10a2900000004580ce00a010e0ffb824ff00193375
:10a2a0005f00232fc80060540000e5a00000e6a076
:10a2b000010042240100e52400004880b2000011a2
:10a2c000e0ff0725ff00e4305f008a2cbc0040550a
:10a2d0000000a8a00000a6a0010042240100a524bf
:10a2e00000004b80b1006011e0ff6c25ff008d3154
:10a2f0005f00ae2da200c0550000aba00000a6a0dc
:10a30000010042240100a52400004f80a400e011b8
:10a31000e0fff825ff0019335f00232f96006054fb
:10a320000000afa00000a6a0010042240100a52467
:10a330000000488097000011e0ff0725ff00e4308f
:10a340005f008a2c8a0040550000a8a00000a6a04b
:10a35000010042240100a52400004b80810060110f
:10a36000e0ff6c25ff008d315f00ae2d7b00c055f6
:10a370000000aba00000a6a0010042240100a5241b
:10a3800000004f807300e011e0fff825ff00193353
:10a390005f00232f020060540000afa00000a6a0c1
:10a3a000010042240100a5244e00251100000000f8
:10a3b0000000488057000011e0ff0725ff00e4304f
:10a3c0005f008a2c020040550000a8a00000a6a053
:10a3d0000100422400004b80520060110100ac24b7
:10a3e000e0ff6525ff00ad305f00ae2d0200c055d7
:10a3f00000008ba1000086a10100422400004f80d4
:10a400000800e051010080a1e0fff825ff001933aa
:10a410005f00232f0200605401008fa1010086a17c
:10a42000010042240000488042000011e0ff07259f
:10a43000ff00e4305f008a2c02004055020088a132
:10a44000020086a10100422400004b803700601109
:10a45000e0ff6525ff00ad305f00ae2d0200c05566
:10a4600003008ba1030086a10100422400004f805d
:10a470003600e011e0fff825ff0019335f00232fbd
:10a480000200605404008fa1040086a10100422450
:10a49000000048802b000011e0ff0725ff00e4309a
:10a4a0005f008a2c02004055050088a1050086a1a6
:10a4b0000100422400004b8020006011e0ff652570
:10a4c000ff00ad305f00ae2d0200c05506008ba12d
:10a4d000060086a10100422407008525b5ff255509
:10a4e000000048800800e003ffff20a10000a28ccc
:10a4f000807f0f3c00f04c7c2bc08f014eff00533f
:10a500001400858c2462400b2520e0002462400b5f
:10a510002520e000afff00100000a0a0edff00101c
:10a5200006008ba1b5ff00100100a0a0cfff001016
:10a53000030080a1c4ff0010020080a1e6ff00100c
:10a54000060080a1dbff0010050080a1d0ff0010f5
:10a55000040080a193ff00100000a0a087ff00105e
:10a56000010042240000a0a085ff00100100a524e6
:10a5700078ff0010010042246cff0010010042240b
:10a5800060ff0010010042240000a0a054ff001052
:10a590000100a5240000a0a06fff00100100a52469
:10a5a0000000a0a062ff00100100a5240000a0a0f0
:10a5b00055ff00100100a524caff00102548e00047
:10a5c00046ff0010010042243aff0010010042241f
:0ca5d0000000e0a038ff00100100e524ae
:020000040000fa
:020000041d00dd
:10a5dc0028fdbd272138c700cc02b1afc802b0afef
:10a5ec00d402bfafd002b2af25888000ffffe0a03d
:10a5fc00c402a4272580a000c25d400fc402a6aff0
:10a60c004d004014400006245802a5277e4a400ff6
:10a61c00c402a42739004014c402a427c402a28f88
:10a62c00f262400fc002a2af550040540000128edf
:10a63c003a57400fc402a4274a004014480206248b
:10a64c0025280000ad62400f1000a427019d033c9b
:10a65c009cec6424040089909cec688cfb0106241f
:10a66c00252800005900a4271000b0af5400a8af53
:10a67c00ad62400f5800a9a328002a8e019d063c0c
:10a68c00400005245802a727a029c6241400a4279b
:10a69c004363400f5402aaaf0c00258e0600a01c89
:10a6ac0025800000440000101000248e2a680c0243
:10a6bc004100a0511000248e08002b8ec090100079
:10a6cc005802a4270a28727d4144400f010010262d
:10a6dc00f6ff40500c002c8e08002b8e2800268e86
:10a6ec001000a5272180720104000c8e09f880014e
:10a6fc00c002a4270b000010d402bf8f0000108ee4
:10a70c00a362400f25204000019d0e3c25384000df
:10a71c0025300002fc28c525295d400f252020028c
:10a72c00d402bf8fd002b28fcc02b18fc802b08fcf
:10a73c000800e003d802bd270000068e019d0f3ce7
:10a74c0025202002295d400fd428e525d402bf8f97
:10a75c00d002b28fcc02b18fc802b08f0800e003d8
:10a76c00d802bd270000068e019d053c6029a5245a
:10a77c00295d400f25202002eaff0010d402bf8f74
:10a78c00a362400f25204000019d0d3c2530400266
:10a79c002520200225384000295d400f2c29a525b5
:10a7ac00d402bf8fd002b28fcc02b18fc802b08f4f
:10a7bc000800e003d802bd27200080105802a6270d
:10a7cc00c756400fbc02a52725004014019d0e3c26
:10a7dc00d151400fc002a42752004010bc02a68fda
:10a7ec001000258e0d4b400f9802a4271400328eba
:10a7fc0006004012b102a49309f840022800248eee
:10a80c003c00401425384000b102a493380080105d
:10a81c00019d083c019d093c5400a427a42907254f
:10a82c00b02926254363400f00020524b25c400f7b
:10a83c001000a427bbff0010d402bf8f1c00388e61
:10a84c00200000131000a6272800278ec002a52781
:10a85c0009f800035802a427b2ff0010d402bf8fde
:10a86c005802af27c029c525b802a427c248400ffb
:10a87c00b802afaff2ff40501c00388eb802a48f64
:10a88c00019d073c9802a627b762400fcc29e5240e
:10a89c000100032438004310019d023c019d113c32
:10a8ac005400a427d0292726b02946244363400fff
:10a8bc0000020524b25c400f1000a42799ff001081
:10a8cc00d402bf8f019d193c019d1f3ce82927270d
:10a8dc00b029e627000205244363400f5400a42747
:10a8ec00b25c400f1000a4278eff0010d402bf8f63
:10a8fc00253800001000248ec002a6276645400fa4
:10a90c005802a527100040140000000018002a8ee1
:10a91c0005004011bc02a78f2800258e09f84001c4
:10a92c002520e000bc02a78f1000248e0002062414
:10a93c00a249400f5400a527b25c400f1000a42779
:10a94c0078ff0010d402bf8fa362400f2520400077
:10a95c00019d063c5400a42725384000b029c6248c
:10a96c004363400f00020524b25c400f1000a42783
:10a97c006cff0010d402bf8f9802a58fc54f400ffb
:10a98c00bc02a427d6ff40149802a78f1000248e77
:10a99c00000206242f59400f5400a527d0ff0010a9
:04a9ac0000000000a7
:020000040000fa
:020000041d00dd
:10a9b000d0ffbd271c00b2af809004001400b0afe0
:10a9c00021804402801010002318440080280300d6
:10a9d0001800b1af2130a4000180113c2000b3afba
:10a9e00080380600b4ae3326218067024c00088e02
:10a9f0002c00bfaf2800b5af310000192400b4af60
:10aa00007800098e02000a245a002a1154000b8e85
:10aa10000300342d1f00801603001524310035116a
:10aa20002588800004000824260028552c00bf8fac
:10aa30005800038e58006014010009245d000a923a
:10aa400057004055212051022190510280301200c0
:10aa50002338d10080c807002188310380401100cd
:10aa60002198680280006992160020112c00bf8f87
:10aa7000252000022800b58f2400b48f2000b38f5a
:10aa80001c00b28f1800b18f1400b08fee56400b2f
:10aa90003000bd270100042409002415faff0c3cf6
:10aaa00000108d2521a86d010000ae8e03000f243b
:10aab00084102e7d0000aeae7f006fa178000aae3c
:10aac0002c00bf8f2800b58f2400b48f2000b38fd7
:10aad0001c00b28f1800b18f1400b08f0800e00383
:10aae0003000bd275800188e030000130100192400
:10aaf0000500191721f85102ffff8530a461400fae
:10ab00002520000221f8510280901f0023105102dd
:10ab1000801802002128710080300500219866020b
:10ab20006000648e8562400f040010247162400f43
:10ab30006000648e8562400f6400648e7162400f15
:10ab40006400648e2c00bf8f02000724780070ae72
:10ab50004c0067ae2800b58f2400b48f2000b38f5f
:10ab60001c00b28f1800b18f1400b08f0800e003f2
:10ab70003000bd278ebf043c7c308c2403008d91b7
:10ab8000ff00ae31cfffc0152c00bf8f03000f2494
:10ab9000cbff001078000fae38006914212051025d
:10aba000806004002368910180700d002178d1013c
:10abb00080a00f0021a8740260006b917c00b88e09
:10abc00018007431320014131401b98e08000324e4
:10abd000630083121000052451008512180006241a
:10abe00032008616217851021c0020132170510278
:10abf0000400278f1000e010214051028048080017
:10ac00002350310180200a002160910080680c00ef
:10ac100021a86d027600ae920800c015215851029d
:10ac20000800248f2530000009f8e0000800052402
:10ac300001000f247600afa22158510280c00b0002
:10ac400023c8110380f819002110f10380180200b5
:10ac5000212863027500a0a02170510280780e00a7
:10ac60002358f10180c00b0021f8110380101f0050
:10ac7000212862025800a38c7c00b4ac0200742c22
:10ac800090ff80122c00bf8f70ff001021905102a6
:10ac90008100bf92faffe0530200742c08000224e6
:10aca000cdff0217100005242178510280580f00b3
:10acb00023c0710180f818002110f10380180200f0
:10acc000212863027500a690e4ffc0142170510290
:10acd000e3ff201380780e000400278f0400e010ab
:10ace000253000000800248f09f8e0000900052441
:10acf00021c85102804019002348110180500900e9
:10ad0000212051018060040021686c02010015249b
:10ad10007500b5a17600a0a1cfff00108100a0a111
:10ad200008000624ccff061318000724dfff0717ce
:10ad300021785102214051028048080023503101fe
:10ad400080200a002160910080680c0021a86d021b
:10ad500001000e247500a0a2bfff00108100aea26a
:10ad6000beff001321705102d0ff00102178510264
:020000040000fa
:020000041d00dd
:10ad70002540c0002518e000255080009800e01410
:10ad80002510a0002b30a6003500c01000000000e8
:10ad9000202805710600a0102320050006208a0047
:10ada0000410a2000440a800251082000450aa004c
:10adb000023408001b004600f401c000ffff05310b
:10adc00002240a00123800001010000000140200d3
:10add000252044000248a7702b5889000a00601102
:10ade0002510e000212088002b58880006006015ff
:10adf000ffffe2242b5889000400605123208900c2
:10ae0000feffe22421208800232089001b00860009
:10ae1000f401c000103000000034060012200000d1
:10ae20000238a470ffff45312528c5002b48a70034
:10ae30000800201125308000212805012b40a800a2
:10ae400004000015ffff86242b28a7000100a05452
:10ae5000feff8624001402000800e00325104600cf
:10ae600004000015010002241b004800f401000149
:10ae70001240000020580b712300601520000724a9
:10ae80002328a80001000324023408001b00a600a8
:10ae9000f401c000ffff073102240a00122800005d
:10aea0001010000000140200252044000248e57044
:10aeb0002b5889000a0060112510a000212088006d
:10aec0002b58880006006015ffffa2242b5889002c
:10aed0000400605123208900feffa2242120880065
:10aee000232089001b008600f401c000ffff4a31c7
:10aef00010280000002c05002528aa0012200000c0
:10af0000caff00100238e4702338eb0004406801e7
:10af10000648e400023408000638e5001b00e6009d
:10af2000f401c0000410650125482201ffff023131
:10af3000021c09001228000010380000003c070025
:10af40002538e300025045702b60ea000a008011aa
:10af50002518a0002138e8002b60e80006008015c5
:10af6000ffffa3242b60ea00040080512338ea008d
:10af7000feffa3242138e8002338ea001b00e60086
:10af8000f401c000ffff253112300000103800002e
:10af9000003c07002528e500021046702b48a2005f
:10afa0000a0020112538c0002128a8002b48a8003d
:10afb00006002015ffffc7242b48a20004002051e3
:10afc000001c0300feffc7242128a800001c03006a
:10afd000045064012328a200abff0010251867006d
:10afe0002b40a700251800004e000015251000007a
:10aff0002050ea7007004015200009242b28e500a6
:10b000004800a014010002242b1086000800e00371
:10b010000100423823482a0106102601043847015e
:10b020002538470004184501024407000628250179
:10b030001b00a800f4010001ffffeb300610240103
:10b0400025104300021c02001228000010480000d6
:10b05000004c090025482301026065712b682c0112
:10b060000a00a0112518a000214827012b682701fc
:10b070000600a015ffffa3242b682c010400a0519b
:10b0800023482c01feffa3242148270123482c013b
:10b090001b002801f4010001ffff453012400000b1
:10b0a00010480000004c090025282501025868714d
:10b0b0002b10ab000a004010254800012128a700f2
:10b0c0002b10a70006004014ffff09252b10ab0032
:10b0d0000400401000140300feff09252128a700ea
:10b0e0000014030004304601251049001900c20075
:10b0f0002328ab00103800002b18a70007006014ad
:10b10000123000000700a714251800000420440195
:10b110002b2086000300801000000000ffff422467
:10b12000251800000800e003000000002548c000ca
:10b13000251080008b00e0142518a0002b30a600fd
:10b140003300c01020502a7108004011025c090031
:10b150000418450123280a000628a40004484901d0
:10b160002518a30004104401025c09001b006b00b9
:10b17000f4016001ffff24311218000010280000c4
:10b1800002306470001c0500022c020025186500c6
:10b190002b2866000800a0502318660021186900bb
:10b1a0002b2869000300a0142b2866000100a0547e
:10b1b00021186900231866001b006b00f401600170
:10b1c000ffff423010300000121800000258647077
:10b1d000001c0600251062002b184b00090060506f
:10b1e00023104b00211049002b1849000500605422
:10b1f00023104b002b184b00010060542110490014
:10b2000023104b00061042010800e003251800003f
:10b2100004002015010003241b006900f401200133
:10b220001248000020502a711f00401520000724fa
:10b230002328a900025c09001b00ab00f401600197
:10b24000ffff243112280000101800000230a47003
:10b25000002c0300021c02002528a3002b18a600c6
:10b26000080060502330a6002128a9002b18a9004f
:10b27000030060142b18a600010060542128a900c7
:10b280002330a6001b00cb00f4016001ffff423019
:10b2900010280000123000000258c470003405006d
:10b2a000cdff00102510c2002338ea0004484901f0
:10b2b0000618e400023409000638e5001b00e60029
:10b2c000f401c00004104501ffff28312518620079
:10b2d000022c030012380000106000000210e87019
:10b2e000003c0c002538e5002b28e2000800a050a7
:10b2f0002338e2002138e9002b28e9000300a014dc
:10b300002b28e2000100a0542138e9002338e20094
:10b310001b00e600f401c000ffff653012300000a2
:10b3200010380000003c07002528e5000230c870f6
:10b330002b10a60009004010041044012128a90088
:10b340002b10a90005004014041044012b10a60086
:10b35000010040542128a90004104401b5ff001049
:10b360002328a6002b40a7005c0000152070ee707b
:10b370000a00c0152b40e500030000152b40860095
:10b380005600001500000000231086002328a700a7
:10b390002b1882000800e0032318a30020000b24d0
:10b3a00023586e01066066010438c70125388701fd
:10b3b0000440c501024c0700062865011b00a900d6
:10b3c000f40120010610640125104800ffffe83059
:10b3d00002640200122800001050000000540a000d
:10b3e00025504c01021805712b6043010a008011a1
:10b3f0002568a000215047012b60470106008015f9
:10b40000ffffad242b604301040080512350430112
:10b41000feffad2421504701235043011b00490189
:10b42000f4012001124800001050000000540a00ee
:10b4300002280971ffff4830254048012b10050103
:10b440000a00401025502001214007012b10070160
:10b4500006004014ffff2a252b10050104004010b0
:10b4600000640d00feff2a252140070100640d0045
:10b470000410c60125608a011900820123400501dc
:10b480000418c401106800002b200d012528a0011c
:10b4900012600000050080141230000007000d1536
:10b4a0002b206c00060080102330660023308201c0
:10b4b0002338a7012b6086012328ec002330660087
:10b4c0002b186600234005012318030104106301b3
:10b4d0000630c601251046000618c3010800e00327
:04b4e0000000000068
:020000040000fa
:020000041d00dd
:10b4e4000100a290d8ffbd27030003242000b1afc0
:10b4f4001c00b0af2400bfaf2588a0009e004310fd
:10b504002580800004004d2c7500a01505000e2434
:10b514008b004e1009001f2482005f542520000276
:10b524000300a2900200a390003202002538c30059
:10b53400a900e05003008590ad000492ff00e930bb
:10b544009e00895025200002ae000a92b4004011ea
:10b55400ffff4b25b000198eff006c3180680c0092
:10b56400040022278010ae7d02002f923700c01104
:10b5740021c0a2010000398f05003f930100ef5361
:10b58400b40019ae0100062425c840002f00c611de
:10b5940004004224020007242800c7510000288f19
:10b5a400030005241e00c511040008241600c81158
:10b5b400050004240f00c41106000a240800ca511f
:10b5c40000002c8f0000238f05006b9001006f5149
:10b5d400b40003ae25c840000400422400002c8fb0
:10b5e40005008d910100af51b4000cae25c8400098
:10b5f4000400422400002e8f0500d991a2002f13cd
:10b6040025c840000400422400003f8f0500e69353
:10b614000100cf50b4001fae25c8400004004224ee
:10b624000000258f0500a7900100ef50b40005ae7f
:10b6340025c84000040042240000288f050004911e
:10b644008e008f1025c840000400422400002a8f79
:10b654000500439101006f50b4000aae710002531b
:10b66400ad0009a200004c8c05008e910200cf159c
:10b6740004004d24b4000cae0000b98d05003f93c6
:10b684000100ef53b40019ae0400a68d0500c59067
:10b694000100af50b40006ae0800a88d0500079164
:10b6a4000100ef50b40008ae0c00a48d05008a9090
:10b6b40001004f51b40004ae1000a38d0500629048
:10b6c40001004f50b40003ae1400ab8d05006c9123
:10b6d40067008f111800b925dcff00101c00a2259b
:10b6e400010018240f005854252000020300ad90d7
:10b6f4000200ae900100052400fa0d002530ee038f
:10b704004500c550c00080ac7259400f252000028e
:10b714002400bf8f2000b18f1c00b08f0800e0030d
:10b724002800bd277259400f010005242400bf8f53
:10b734002000b18f1c00b08f0800e0032800bd2753
:10b7440000008f940100182425280000c4390f7fbd
:10b7540000008fa402003992ac0099a07259400fe6
:10b76400252000022400bf8f2000b18f1c00b08f61
:10b774000800e0032800bd270300a6900200a4905f
:10b7840001000524003a06002540e4001f000511cd
:10b7940002000924dcff09150000000000000a96dd
:10b7a4000e004b31d8ff68150442aa7c05002c9288
:10b7b40000000aa602000ca2252000027259400fc4
:10b7c400252800002400bf8f2000b18f1c00b08ffb
:10b7d4000800e0032800bd270700a83057ff0e55d6
:10b7e400ad0004920b000924a853400fb80089aca3
:10b7f40003000f9204001124ad0000a204102f7e58
:10b8040003000fa2c0ff001025280000c00008aeee
:10b81400bdff001025280000bbff001025280000f4
:10b82400ad0009a2254d400f25200002030002921d
:10b8340005000f24e000098e0410e27d030002a23b
:10b844000200319201001824dbff38151000b1a367
:10b85400e8000b8ed8ff60111000a527ec00068ebf
:10b8640009f860010a000424a7ff0010252800003d
:10b87400b4000bae75ff00101c00a225b40008ae86
:10b8840072ff001004004224b4000eae5eff0010ec
:04b894000400422446
:020000040000fa
:020000041d00dd
:10b89800d8ffbd272000b1af0180113c1c00b0af1c
:10b8a800029d023ca0b13026040001c6c89340c4e2
:10b8b80032080046120001452400bfaf9800043c3e
:10b8c800010003248096853425300000040000e63a
:10b8d800a0b123a2080005ae6463400f0c0006aeb9
:10b8e8000800078e0c00088e2148e2002b50270123
:10b8f8002158030121604b01100009ae14000cae61
:10b90800a0b12d920600a015000000002400bf8ff2
:10b918002000b18f1c00b08f0800e0032800bd276d
:10b928006463400f0000000014000e8e2bc06e00f0
:10b93800f6ff001710000f8e6200c3112bc84f00ce
:10b9480008001f8e0c00118e2130ff012b20cf0024
:10b958002128d101213885002b40e3003300001154
:10b9680021505f002b10420121187100215843001b
:10b9780010000aae6463400f14000bae7c80908ff9
:10b988002b6070003500801574808a8f9500031233
:10b9980078808d8f88808f934e00e01525c0000039
:10b9a8000101192404fc187c01001f240478387f45
:10b9b80004bcf87f0180113c80b138ae0478387f30
:10b9c80080b1262604bcf87f0400d8ac0478387f00
:10b9d80004bcf87f0800d8ac0478387f04bcf87f32
:10b9e8000c00d8ac0478387f04bcf87f1000d8acc1
:10b9f8000478387f04bcf87f1400d8ac0478387f0a
:10ba080004bcf87f1800d8ac0478387f04bcf87ff1
:10ba18002000b18f2400bf8f1c00b08f1000a0a79a
:10ba28002800bd271f3a400b1c00d8ac05006754fe
:10ba3800100006ae2b48c200caff201521505f0037
:10ba4800100006ae6463400f140007ae7c80908f30
:10ba58002b607000cdff801174808a8f25c0000094
:10ba68000f0010240100422501004b300a800b0012
:10ba780004fc187c0438187e047a187e04bc187eee
:10ba88002400bf8f2000b18f1c00b08f01800c3cb8
:10ba98001000a0a780b186252800bd27748082af3a
:10baa80080b198ad0400d8ac0800d8ac0c00d8ac74
:10bab8001000d8ac1400d8ac1800d8ac1f3a400b12
:10bac8001c00d8ac9fff205308001f8e90ff001069
:10bad8002400bf8f8480888f80808993818085939c
:10bae800828084930100073125500000021109006b
:10baf800025905000600e0100281040004384a7c5f
:10bb0800047a6a7d04bc0a7e0180033c80b16aac79
:10bb180002000c310600801104000e3104384a7c02
:10bb2800047a6a7d04bc0a7e01800d3c84b1aaad0a
:10bb38000600c0110800183104384a7c047a6a7d6e
:10bb480004bc0a7e01800f3c88b1eaad06000013f0
:10bb580010001f3104384a7c047a6a7d04bc0a7ece
:10bb68000180193c8cb12aaf0600e0132000063191
:10bb780004384a7c047a6a7d04bc0a7e0180113c40
:10bb880090b12aae0600c0104000053104384a7c46
:10bb9800047a6a7d04bc0a7e0180093c94b12aad0e
:10bba8000600a0108000083104384a7c047a6a7db7
:10bbb80004bc0a7e0180043c98b18aac05000011df
:10bbc80004384a7c047a6a7d04bc0a7e0180073cfa
:10bbd8009cb1eaac1f3a400f000000004bff001078
:10bbe800888080a32b704d006bffc01188808f93d5
:08bbf8009aff001074808a8f8f
:020000040000fa
:020000041d00dd
:10bc00000e0002240300a210000000000800e00360
:10bc100000000000d8ffbd272000b4af40a0040002
:10bc20001000b0af21808402801810001c00b3af58
:10bc30001800b2af0180133c2590800023206400df
:10bc40004029040054ad73261400b1af2400bfafe7
:10bc5000218065020700c790f400088e2588c00087
:10bc60000600c690004a070040000a8d1c00048ea2
:10bc700025582601f0000ba609f840018000052494
:10bc800000002c9201000d2400208e7dff00cf319a
:10bc90005500ed1120c40e7c39000013020003246e
:10bca0001c00e311030009240900e951e800198e82
:10bcb0002400bf8f2000b48f1c00b38f1800b28ff8
:10bcc0001400b18f1000b08f0800e0032800bd27da
:10bcd00018000a96e0000e8ed80019aef4ffcd15bc
:10bce000d0000aa6f2ff20132400bf8fec00068ebe
:10bcf000252820022000b48f1c00b38f1800b28fbb
:10bd00001400b18f1000b08f0e000424080020032f
:10bd10002800bd27040025924a00a05060009331fe
:10bd2000b4000f8e0300e4910200e791004204008a
:10bd3000256807015900a011255800002540000082
:10bd4000040009240900001005000a243100ca502b
:10bd50000200ee910000e49121380401ffffe83079
:10bd60002b300d014d00c0102178e4010100e69157
:10bd7000f6ffc91400000000f6ff00100200eb916e
:10bd80000000399260003f333900e01320a4197c91
:10bd900040000224ceffe253e800198e2000112457
:10bda000c4fff1172400bf8fe4001292c2ff4012bb
:10bdb0002000b48ff4000b8e1c00048ec40000a27f
:10bdc0002400bf8f2000b48f1c00b38f1800b28fe7
:10bdd0001400b18f1000b08f2800798d80000524e9
:10bde000080020032800bd270400259225302002ea
:10bdf000252000022400bf8f2000b48f1c00b38fc9
:10be00001800b28f1400b18f1000b08fe54d400bb9
:10be10002800bd27d0ffc5550000e49121289202db
:10be20008078050023c0f20140c9180021f879028a
:10be30000300e2930700433018006a1425286001cc
:10be40006000933125302002eaff601625200002b1
:10be50002400bf8f2000b48f1c00b38f1800b28f56
:10be60001400b18f1000b08fec49400b2800bd27a3
:10be70002528200215008006252000022400bf8fff
:10be80002000b48f1c00b38f1800b28f1400b18f44
:10be90001000b08f392d400b2800bd272180920261
:10bea00080601000238892014091110021a072024d
:10beb000e4008d927fffa0112400bf8ff4008b8ed1
:10bec0001c00848ebeff0010c40080a22400bf8f1f
:10bed0002000b48f1c00b38f1800b28f1400b18ff4
:0cbee0001000b08f1239400b2800bd2765
:020000040000fa
:020000041d00dd
:10beec00a8ffbd2701800b3c5cb1628d3c00b1af5b
:10befc003800b0af85bf113c5cb1702528b22a8eda
:10bf0c000800098e0c00088e1000078e1400068e97
:10bf1c001800058e4400b3af4000b2af0400138e7e
:10bf2c0024b2328e1c00048e20b2398e2000038e77
:10bf3c001cb2388e38b22f8e34b22e8e30b22d8e7b
:10bf4c002cb22c8e4800b4af010054245400bfaf67
:10bf5c005000b6af4c00b5af21b0320121a86a0237
:10bf6c0021f819012110f8002150cf002198ae00c2
:10bf7c0021908d0021486c004000992e5cb174ad6d
:10bf8c00040015ae080016ae0c001fae100002ae79
:10bf9c0014000aae180013ae1c0012ae15002013cc
:10bfac00200009ae04b02c8ec000042444ef0c7c9d
:10bfbc0004b02cae8562400f0000000008b0288e43
:10bfcc005400bf8f010004248431887c08b028ae53
:10bfdc005000b68f4c00b58f4800b48f4400b38f1f
:10bfec004000b28f3c00b18f3800b08f0800e003e6
:10bffc005800bd276463400f000000000080183c0f
:10c00c00344d13270c00678e08006f8e04000e8ec3
:10c01c0008000d8e0c00048e10000b8e14000c8e7c
:10c02c001800148e1c00088e2000068e2b28e701a9
:10c03c001000a2af1400a3af1800aeaf1c00adaf40
:10c04c002000a4af2400abaf2800acaf2c00b4afe1
:10c05c003000a8af3000a0143400a6af0400638eeb
:10c06c000800758e21b0e300ffffdf262310f503d7
:10c07c002800492c2e002015000000000800798ea5
:10c08c000400758e344d128f280038272b38150379
:10c09c002c00e014000000000800748e08007f8e55
:10c0ac001000a52723b0b40221205f022462400fa8
:10c0bc002530c0022800822623a855001000aa278c
:10c0cc002530a002212856012462400f2520400271
:10c0dc00080075ae0180193c38b12d272000b2251f
:10c0ec000000b88d0400a78d0800af8d0c00ae8d3c
:10c0fc001000ad25000018ae040007ae08000fae0e
:10c10c000c000eaef6ffb215100010260000ab8d21
:10c11c00a4ff001000000bae08006a8efffff22493
:10c12c0023104a022800492cd4ff201100000000e3
:10c13c005c80938f010069265c8089afe6ff00105c
:10c14c000180193c08006f8e1000a8273000ae2724
:10c15c0021204f0200000d8d04000b8d08000c8d6a
:10c16c000c00148d03008da800008db807008ba85f
:10c17c0004008bb80b008ca808008cb80f0094a896
:10c18c00100008250c0094b8f2ff0e151000842442
:10c19c000000068d0400058d030086a8000086b8fb
:10c1ac00070085a8040085b80800638e2800762453
:0cc1bc00080076aec8ff00100180193c9e
:020000040000fa
:020000041d00dd
:10c1c800ffff8224feff432ca9006010000000003e
:10c1d80000008690a600c01000000000c8ffbd2720
:10c1e8001400b0af0c00908c100004242800b5afe8
:10c1f8001c00b2af3400bfaf3000b7af2c00b6aff1
:10c208002400b4af2000b3af1800b1af5400158eae
:10c218000400a4106c00128e0c00a7302f00e0144c
:10c2280084ff0224010014922588a00036008012a1
:10c238000200099225a00000259800004000201166
:10c2480025b0000010000a2443002a528400112659
:10c258000f003732208c117c40581700c26711003c
:10c2680021686c0180700d002178cd0180c00f001d
:10c2780021c858020c003f8f0100e2330a004050e9
:10c2880001001f920800238f6200601404001f7cc5
:10c298002000228f0c003faf25a840000400157c29
:10c2a800200035af01001f920400e05702001392ee
:10c2b8006b00601600000000020013920300601675
:10c2c800000000006200c016000000000300801299
:10c2d8002510000001001424680014a23400bf8f48
:10c2e8003000b78f2c00b68f2800b58f2400b48f8c
:10c2f8002000b38f1c00b28f1800b18f1400b08fcc
:10c308000800e0033800bd27080020556000048eaf
:10c318006800059201000824f0ffa81481ff022498
:10c32800680000a225a0c0006000048e165e400fc1
:10c3380025b0000002000992c2ff20152598400090
:10c34800165e400f6400048e10000a24c0ff2a16ef
:10c3580025b040008400112614011726000020aee5
:10c36800040020ae080020ae0c0020ae100020ae65
:10c37800140020ae180020ae1c0020ae200020ae15
:10c3880024003126f6fff156000020ae40000524b7
:10c398004d1f400f252000020600ab960c004c8e66
:10c3a80020004d8e00ff6e310600aea60800af9645
:10c3b8003400588e4800598e5c00468e7000448eba
:10c3c8008400438e9800478e00ffe53104000c7c02
:10c3d80004000d7c0400187c0400197c0400067c11
:10c3e8000400047c0400037c0400077c0800a5a664
:10c3f8000c004cae20004dae340058ae480059ae8b
:10c408005c0046ae700044ae840043aea5ff001049
:10c41800980047ae04002697100025970c003faf00
:10c42800a43a400f25200002010006240420e60259
:10c43800ff00923010002006ffff473a0800a5963b
:10c448002440e5000800a8a697ff001001001f92ed
:10c458007162400f6400048e9cff00100000000011
:10c468007162400f6000048e94ff00100200139266
:10c478000800e00383ff02240600a9962450e9007f
:0cc488000600aaa688ff001001001f9209
:020000040000fa
:020000041d00dd
:10c49400b8ffbd272800b2af1000c28c0800d28cb0
:10c4a4003400b5af3000b4af2400b1af4400bfaf27
:10c4b4004000beaf3c00b7af3800b6af2c00b3affe
:10c4c4002000b0af25a880004c00a5af25a0e00057
:10c4d4001800a2af5056400f0c00d18c0200401639
:10c4e4001800a38fffff72240000838e0a001e240d
:10c4f4002598000021186200000083ae25b80000d2
:10c504002a10f202460040101800a28fffff4224b6
:10c514002a10e20243004010211037023c00a28e90
:10c524004c00a48e2b2044000f00801001004424f2
:10c534003c00a4ae00005090d5ff02264408027cc3
:10c54400251057001d00401400000000000030a218
:10c554000000828e010013240100172401004224ec
:10c56400e7ff0010000082ae0454400f2520a00213
:10c5740025804000ffff0224f0ff0216d5ff0226ab
:10c584002800e016211037024400bf8f2510000256
:10c594004000be8f3c00b78f3800b68f3400b58f93
:10c5a4003000b48f2c00b38f2800b28f2400b18fd9
:10c5b4002000b08f0800e0034800bd270800f316f0
:10c5c40021b037020a0002242600c2170100f32614
:10c5d4003000023a080004240af082000b9802009a
:10c5e400d0ff02260a00422c43004014100002240b
:10c5f4000600c2574c00a28e3163400f2520000272
:10c60400430040540000d0a24c00a28e050040100c
:10c61400211037023c00a28effff42243c00a2ae50
:10c6240021103702000040a00a0002243d00c21776
:10c634000a0006241000a5274562400f2520200289
:10c644004c00a48f1000b08f000082ac2688110229
:10c65400feff022401001024040083accaff001072
:10c664000a805100080002242100c217200002366b
:10c6740078000424daff4454259800003c00a28e7c
:10c684004c00a48e2b2044001500801000000000f4
:10c69400010044243c00a4ae000042904c00a48e4f
:10c6a40004008010000000003c00a58effffa524bc
:10c6b4003c00a5ae3163400f25204000d3ff40501d
:10c6c4004c00a28e0000d0a20000828e25b8600229
:10c6d40010001e240100422489ff0010000082aed5
:10c6e4000454400f2520a002edff00104c00a48e3e
:10c6f400bbff001025980000080002240300c217a5
:10c704003800022a0a0004240af082000000d0a2a1
:10c714000000828e0100f7260100422478ff0010f9
:10c72400000082ae2530c0031000a5273a62400ff6
:0cc7340025202002c3ff00104c00a48f41
:020000040000fa
:020000041d00dd
:10c74000e0fdbd271402b1af1002b0af2588c000d4
:10c750002580a000000206241000a5271c02bfaf00
:10c760009939400f1802b2af8c004014000000004d
:10c770001000a427ec61400f259040001000a32773
:10c7800021106200070045303000a0101000a48383
:10c79000d0ff86240a00c72c5600e0101100a32702
:10c7a000010008242900a810020009242200a91071
:10c7b00003000a241b00aa1004000b241400ab1071
:10c7c00005000c240d00ac1006000d240700ad5030
:10c7d0000000798000006e80d0ffcf250a00f82d80
:10c7e000440000131200a32700007980d0ff3f27e8
:10c7f0000a00e52f3f00a0100100632400006480c0
:10c80000d0ff86240a00c72c3a00e0100100632400
:10c8100000006880d0ff09250a002a2d350040114c
:10c820000100632400006b80d0ff6c250a008d2d71
:10c830003000a0110100632400006e80d0ffcf25de
:10c840000a00f82d2b000013010063243a00625007
:10c85000029d033c00007980d0ff3f270a00e52fae
:10c860002500a050029d023c01006480d0ff862478
:10c870000a00c72c2000e050029d023c02006880a4
:10c88000d0ff09250a002a2d1b004051029d023cc1
:10c8900003006b80d0ff6c250a008d2d1600a0517f
:10c8a000029d023c04006e80d0ffcf250a00f82dc7
:10c8b00011000053029d023c05007980d0ff3f2704
:10c8c0000a00e52f0c00a050029d023c0600648087
:10c8d000d0ff86240a00c72c0700e050029d023cce
:10c8e00007006880d0ff09250a002a2dd7ff4015d0
:10c8f00008006324029d023c019d113cf4854724fd
:10c90000b0292626000205244363400f4400042674
:10c91000b25c400f25200002010012241c02bf8fd0
:10c92000251040021402b18f1802b28f1002b08f8e
:10c930000800e0032002bd27253020022086652460
:10c94000b762400f1000a42701001124f4ff51101a
:10c950001c02bf8fa362400f10000424019d123cf3
:10c96000b029462644000426253840004363400f82
:10c9700000020524b25c400f252000021c02bf8f7c
:10c9800001001224251040021402b18f1802b28f48
:10c990001002b08f0800e0032002bd27a362400f01
:10c9a00025204000019d123cb02946264400042663
:10c9b000253840004363400f00020524b25c400f5d
:10c9c000252000021c02bf8f010012242510400206
:10c9d0001402b18f1802b28f1002b08f0800e0036a
:04c9e0002002bd274d
:020000040000fa
:020000041d00dd
:10c9e4003c00828c4c00838cd0ffbd271400b1af77
:10c9f4002b1843001000b0af2c00bfaf2800b6af17
:10ca04002400b5af2000b4af1c00b3af1800b2af20
:10ca140025808000330060102588a0000100432495
:10ca24003c0083ac00005290d5ff42264408027caf
:10ca34001600401425a000003c00028e4c00038e1a
:10ca44002d00523a2b1843002a0060100100542e86
:10ca5400010043243c0003ae00005290d0ff422664
:10ca64000a00422c0a004014d0ff4226090020127a
:10ca74000a00422c4c00028e05004010d0ff4226d2
:10ca84003c00028effff42243c0002aed0ff42264f
:10ca94000a00422c1b004014259800004c00028e12
:10caa400040040100080153c3c00028effff42242d
:10cab4003c0002ae2c00bf8f251060022518a00296
:10cac4002800b68f2400b58f2000b48f1c00b38fcc
:10cad4001800b28f1400b18f1000b08f0800e0036b
:10cae4003000bd270454400f00000000ceff0010aa
:10caf400259040000454400f25200002d7ff001069
:10cb040025904000cc0c153cccccb5363c00028eb4
:10cb14004c00038e2b1843001d00601001004324b9
:10cb24003c0003ae000051900a0002240218627215
:10cb3400d0ff22260a00422c2198720004004010e3
:10cb4400d0ff73262a107502f0ff401425902002ae
:10cb54004701163cc3af130015aed636d0ff2226cc
:10cb64000a00422c120040142a10b6024c00028e15
:10cb7400400040543c00028eceff801223881500f2
:10cb8400239813002b101300caff001023a82202bd
:10cb94000454400f25200002e3ff001025884000c4
:10cba4000454400f25200002120000100a00032440
:10cbb40026004010ffffc2260500a216e17a023cbf
:10cbc400ae4742242b10620221004050d0ff312690
:10cbd4003c00028e4c00038e2b184300f0ff6010c3
:10cbe40000000000010043243c0003ae000042901a
:10cbf4000a0003241900730012900000109800002a
:10cc04000220757021989300c327110021885102d6
:10cc14002b1832022120640221186400d0ff33262d
:10cc24002b887102ffff632421a82302cbff00108d
:10cc3400258840004c00038e2b1843000900601027
:10cc4400010043243c0003ae00005190d0ff312684
:10cc54000a00312ef7ff20563c00028ec4ff00105c
:10cc64004c00028e0454400f25200002f7ff0010f0
:10cc740025884000ffff4224bfff00103c0002aea5
:020000040000fa
:020000041d00dd
:10cc84000c00a230a300401400000000ffff832426
:10cc9400feff662c9d00c01000000000000087907d
:10cca4009a00e01000000000c8ffbd271800b2afd2
:10ccb4000c00928c2c00b7af0f00b7301c00b3af40
:10ccc4001400b1af802017006c00518e0100539204
:10ccd4001000b0af2580a00021289700c0400500b7
:10cce4003000beaf2800b6af3400bfaf2400b5afec
:10ccf4002000b4af54005e8e21b0280245006012bb
:10cd040002004b922598000025a800004f006011f6
:10cd140025a000005200e0161000ed260201c89381
:10cd24000c00c98e0000d78e01000a244429487dd6
:10cd340002002b350201c8a3fdff1e240a00e012e5
:10cd44000c00cbae0c00ec8e2520e0020300801119
:10cd54000800feae09f88001000000001800f78efc
:10cd6400f9ffe0560c00ec8e2000cd8e1400d08e1e
:10cd74000000c0ae0200ae352000ceae0a000012a4
:10cd8400fdff11240c000f8e252000020300e0118a
:10cd9400080011ae09f8e001000000001800108e30
:10cda400f9ff00560c000f8e1400c0ae010056921d
:10cdb4000400c056020055925000a0160000000066
:10cdc400020055920300a0160000000047008016e0
:10cdd400000000000300601225100000010013246d
:10cde400680053a23400bf8f3000be8f2c00b78f71
:10cdf4002800b68f2400b58f2000b48f1c00b38f99
:10ce04001800b28f1400b18f1000b08f0800e00337
:10ce14003800bd27080060556000448e68004992c0
:10ce240001000a24efff2a1581ff0224680040a2b2
:10ce34002598e0006000448e165e400f25a0000097
:10ce440002004b92b3ff601525a84000165e400f08
:10ce54006400448eb1ffe01225a040001000ed26ce
:10ce640000710d002064107c1a0080052178ce0327
:10ce74000600f891010019244429387f0600f8a11e
:10ce840000008329140006240a30030021b8c602d6
:10ce94000c00e78e0000f08efdff11240200e43444
:10cea4000a0000120c00e4ae0c00058e25200002de
:10ceb4000300a010080011ae09f8a0000000000053
:10cec4001800108ef9ff00560c00058eb7ff0010f5
:10ced4000000e0ae0200ff910100022404215f7c07
:10cee4000200ffa1e7ff0010000083297162400fd8
:10cef4006400448eb7ff0010000000007162400f10
:10cf04006000448eafff0010020055920800e00359
:0ccf140083ff02240800e00384ff0224d5
:020000040000fa
:020000041d00dd
:10cf2000c8ffbd272c00b6af5400968c3000b7afb9
:10cf30001800b1af1400b0af3400bfaf2800b5afd8
:10cf40002400b4af2000b3af1c00b2af0002d592f2
:10cf500025b880000c00912425800000ff00b53228
:10cf60000710150201004330330060500100102605
:10cf700020000426002904002138c5020400e88ca2
:10cf8000010006240002097d39002611000000007e
:10cf900002002a9201002b926c00ec8e80680a003d
:10cfa0002170aa013b006015c0780e0021a08f01fe
:10cfb0000000938e1f006012feff19240800788e77
:10cfc0006a00191300910a0004009f960400228e43
:10cfd0000400638e2000658e2b205f0044008010cb
:10cfe0002b40a30000910a002150d20206014d916e
:10cff00018006e8e0c006f8efe00a631080068ae21
:10d00000040065ae200060ae00008eae000020a2dd
:10d01000060146a10800e0510100102609f8e001d0
:10d02000252060020800788efeff19245000191395
:10d0300021f8d2020100102608001324c8ff13169d
:10d04000080031263400bf8f3000b78f2c00b68f18
:10d050002800b58f2400b48f2000b38f1c00b28f3e
:10d060001800b18f1400b08f0800e0033800bd270e
:10d070000400f48c01001026080013240442147ce0
:10d080000400f4acb6ff131608003126eeff0010c2
:10d090003400bf8f21908f011400538efeff1424a3
:10d0a0000800788e2000141300c90a0021f8d90264
:10d0b0000201e3931000422500290200fb006430c6
:10d0c0000201e4a32138c5020200e8900400c87cf4
:10d0d0000200e8a0000020a201001026080013248e
:10d0e0009fff131608003126d7ff00103400bf8fb2
:10d0f000bdff001100910a0000390a002148c70253
:10d1000006012b910100102608001324fe006c314b
:10d11000000020a206012ca191ff13160800312661
:10d12000c9ff00103400bf8f00490a002158c9020e
:10d1300002016c9110004a2500690a00fb008e3143
:10d1400002016ea12178cd020000f28d0004537e11
:10d15000e1ff6656000020a20200e691c418667e38
:10d160000200e6a1dcff0010000020a221f8d2029c
:10d170000601e2931800688e0c00658efe004330b5
:10d18000000020a2000088ae0601e3a3aaffa010c1
:10d19000010010262520600209f8a00008001324d1
:10d1a0006fff131608003126a7ff00103400bf8f51
:020000040000fa
:020000041d00dd
:10d1b000d0ffbd273800aef71c00b3af1800b2afe8
:10d1c0003c00b38f3800b28f2c00bfaf401013006b
:10d1d000c21f120025106200402812002518a2006c
:10d1e0002800b6af2400b5af2000b4af1400b1af33
:10d1f0001000b0af0f0060103000acf7f07f043cbf
:10d2000000f0667e010083242b18c3000a00601022
:10d210003000a0d70300c4143400b48f07004016b8
:10d220003800a1d7ff0703240055957e1100a316ef
:10d230003000a48f3000a0d73800a1d702002146cb
:10d24000030020463000a0f72c00bf8f3000a0d78d
:10d250002800b68f2400b58f2000b48f1c00b38f38
:10d260001800b28f1400b18f1000b08f0800e003d7
:10d270003000bd27c2370400401814002518c30031
:10d280002b3843000e00e014403004000300621409
:10d290002b38a6000a00e01400000000ebffa614e3
:10d2a0002c00bf8feaff43543000a0d70000804419
:10d2b0003000a1d70000e044e2ff00100208204641
:10d2c0003a00a01602150400001b140025184300a4
:10d2d000001304002f006104010006242330d50050
:10d2e000bc60400f25288002258040002588600012
:10d2f0000055767e3800c016021d12000013130080
:10d3000025106200002312002d00410401000624b4
:10d310002520400225286002bc60400f2330d60043
:10d320002598600025904000231812022b2003024c
:10d3300023103302231044002a20d5022a0080142f
:10d34000000000000400400425206200d7ff801088
:10d350002580600025884000021511002d004050f6
:10d36000c21710003000a05a01000624f0ff033c51
:10d3700021882302001d1500251871002528800230
:10d3800004f0057c2538a3003000b0afaeff0010dc
:10d390003400a7afc237020040280300ffffb526c4
:10d3a0002518c500cbff0010401002000098837eb6
:10d3b0001000113c25808000cdff0010258823023d
:10d3c000c22f040040180200ffffd6262510a3003c
:10d3d000cdff0010402004000098737e1000033c35
:10d3e000d1ff00102598730004004004252062003e
:10d3f000aeff80102580600025884000c217100015
:10d40000408811002588510040801000c6ff0010a0
:10d41000ffffb5264088110025885100408010008c
:10d42000cdff0010ffffb526252000022330d500d8
:10d43000ad60400f25282002d0ff0010258040005d
:020000040000fa
:020000041d00dd
:10d440000800828c3500401800000000e0ffbd2776
:10d450000a00a32c1800b2af1400b1af1000b0af97
:10d460001c00bfaf2590c0002588a00011006010ef
:10d4700025808000019d063c802805008cd4c724af
:10d480000a40e57c0800000100000000b4d4009dc3
:10d49000b4d4009d24d5009dd4d4009d20d6009df9
:10d4a000b4d4009db4d4009d48d6009d6cd6009d98
:10d4b00094d6009d0b002056e000068e1c00bf8f06
:10d4c0001800b28f1400b18f1000b08f0800e00375
:10d4d0002000bd2700008f9484520f7c00008fa491
:10d4e000e000068e01000524f5ffc5141c00bf8f67
:10d4f000e800198ef1ff201325284002ec00068e6b
:10d50000252020021c00bf8f1800b28f1400b18f9d
:10d510001000b08f080020032000bd270800e003a2
:10d520000000000000009894f400998c1c00848c8a
:10d530008452187c000018a64000228f09f8400091
:10d5400025280000f400038e1c00048e4000628c2d
:10d5500009f8400080000524a853400f2520000250
:10d56000f400068e1c00048e2400c28c09f84000d2
:10d5700010000524f400058e1c00048e40000724d2
:10d580002000a28c2530000009f84000800005240e
:10d590009000048e030087280800e05003000892e2
:10d5a000f4001f8e1c00048e880006263800e28fcf
:10d5b00009f840002528000003000892f400098eb5
:10d5c00003000a240410487d030008a21000228de5
:10d5d00009f840001c00048e00000b9602000c2489
:10d5e0000c000d8e44184b7c0e006e312d00cc11ba
:10d5f00000000ba60800af8db0000fae0400b8917c
:10d60000ad0000a2ae0018a2e000068e01000524c5
:10d61000abffc5141c00bf8fb6ff0010e800198ec9
:10d6200000008d9401000e24010005248452cd7d5c
:10d6300000008da4e000068ea1ffc5141c00bf8f62
:10d64000acff0010e800198e00008c9484520c7c12
:10d6500000008ca41c00bf8f1800b28f1400b18f83
:10d660001000b08f0800e0032000bd2703008a905f
:10d6700001000b240100052404106a7d03008aa028
:10d68000e000068e8effc5141c00bf8f99ff0010ae
:10d69000e800198e030089900410097c90ff0010a7
:10d6a000030089a01400b98db00019ae1000a39139
:0cd6b000ad0000a2d4ff0010ae0003a2e9
:020000040000fa
:020000041d00dd
:10d6bc000900a22c89004010000000008018050011
:10d6cc00019d053c00d7a4240a38837cd0ffbd27dc
:10d6dc002c00bfaf2800b6af2400b5af2000b4af0c
:10d6ec001c00b3af1800b2af1400b1af0800e000db
:10d6fc001000b0af70d8009da4d8009d80d7009dbd
:10d70c0024d7009d54d7009dbcd7009d58d7009db1
:10d71c0058d7009d24d7009d2c00bf8f2800b68fb2
:10d72c002400b58f2000b48f1c00b38f1800b28f6b
:10d73c001400b18f1000b08f2480848f2528000036
:10d74c007259400b3000bd27ae8080a32c00bf8fd8
:10d75c002800b68f2400b58f2000b48f1c00b38f27
:10d76c001800b28f1400b18f1000b08f0800e003c6
:10d77c003000bd270000ca902c00bf8f2800b68f48
:10d78c0001005031b08090a32400b58f2000b48fdd
:10d79c001c00b38f1800b28f1400b18f1000b08f23
:10d7ac002480848f252800007259400b3000bd273f
:10d7bc00af808893ff000931e5ff20112c00bf8f4b
:10d7cc0000800a3c944d50250c000b8e08000c8eea
:10d7dc000400d18c2b308b013c00c01400000000e5
:10d7ec0004000d8e08000e8e21786d01fffff225ce
:10d7fc0023984e022bb071021700c01600000000d7
:10d80c000800188e0400138e21c838022bf833033d
:10d81c003400e017944d548d0800128e0800078eca
:10d82c0000a0083cbc40152523b0720221208702c1
:10d83c002530c0022462400f2528a0022348530241
:10d84c0021883101253020022128b6022462400fa4
:10d85c0025208002080011aeaf8080a3bcff001011
:10d86c002c00bf8f2c00bf8f2800b68f2400b58fe3
:10d87c002000b48f1c00b38f1800b28f1400b18f2e
:10d88c001000b08f2480848f070006241c8085270d
:10d89c00f560400b3000bd272c00bf8f2800b68fe1
:10d8ac002400b58f2000b48f1c00b38f1800b28fea
:10d8bc001400b18f1000b08f2480848f07000624d1
:10d8cc001c8085273455400b3000bd270800148e72
:10d8dc00ffff7525c7ff00102398b4020800e00372
:10d8ec00000000000800028e00a0033cbc40652430
:10d8fc00212082022462400f253020020800058e70
:10d90c0021202502080004aeaf8080a390ff0010f8
:04d91c002c00bf8f8d
:020000040000fa
:020000041d00dd
:10d920000000838c00006c80f7ff8225ff004730e9
:10d930001800e82c140000118000063c01000924a6
:10d940001300d8240450e90024585801010063242e
:10d9500006006015010019240800e00301000224fc
:10d960002470b8016c00c01101006324000083ac76
:10d9700000006c80f7ff8d25ff00ae311800cf2d21
:10d98000f7ffe0150468d901deff8425ff00983019
:10d990005a00192f6000201380181800019d023cc6
:10d9a000b0d947240a40e37c0800000100000000d1
:10d9b00030db009d18db009d18db009d18db009d0f
:10d9c00018db009d18db009d18db009d18db009d17
:10d9d00018db009d18db009d18db009d3cdb009de3
:10d9e00018db009d18db009d3cdb009d3cdb009daf
:10d9f0003cdb009d3cdb009d3cdb009d3cdb009d57
:10da00003cdb009d3cdb009d3cdb009d3cdb009d46
:10da100018db009d18db009d18db009d18db009dc6
:10da200018db009d18db009d18db009d18db009db6
:10da300018db009d18db009d18db009d18db009da6
:10da400018db009d18db009d18db009d18db009d96
:10da500018db009d18db009d18db009d18db009d86
:10da600018db009d18db009d18db009d18db009d76
:10da700018db009d18db009d18db009d18db009d66
:10da800018db009d18db009d18db009d18db009d56
:10da900018db009d4cdb009d18db009d18db009d12
:10daa00018db009d18db009d18db009d18db009d36
:10dab00018db009d18db009d18db009d18db009d26
:10dac0005cdb009d18db009d18db009d18db009dd2
:10dad00018db009d18db009d18db009d18db009d06
:10dae0006cdb009d18db009d18db009d18db009da2
:10daf00018db009d18db009d5cdb009d18db009da2
:10db000018db009d18db009d18db009d18db009dd5
:10db100018db009d20db009d0800e00301000224cb
:10db2000020006240000a6ac0800e0032510000057
:10db30000000a0ac0800e0032510000001000c2448
:10db40000000acac0800e0032510000003000b242b
:10db50000000abac0800e0032510000004000a241c
:10db60000000aaac0800e00325100000050009240d
:10db70000000a9ac251000000800e0030000000030
:020000040000fa
:020000041d00dd
:10db800000008294d0ffbd27020007240e00483019
:10db90002c00bfaf2800b5af2400b4af2000b3af56
:10dba0001c00b2af1800b1af1400b0af0c00868cef
:10dbb000380007110200a3901000c9902b50690093
:10dbc000390040112c00bf8f1400d08c3600001299
:10dbd000806803000a800d7e3200001225888000d4
:10dbe0000700af9003000e92020012920600a4906c
:10dbf000009a0f00002a0e0025a0b20025a864029a
:10dc00002bc0b4020aa898024100b92e01001f24bb
:10dc10002590a0024c013faef400358e1c00338edf
:10dc20003c0134262c002013fa002826253040021f
:10dc3000252800022462400f2520000125384000dd
:10dc4000019d063c07000224fb0022a2e84dc324ec
:10dc50003800b98e25308002400132ae3c0127ae3b
:10dc6000480123ae500131ae252060022c00bf8f49
:10dc70002800b58f2400b48f2000b38f1c00b28f12
:10dc80001800b18f1400b08f800005240800200315
:10dc90003000bd270400cb902b606b000a0080553c
:10dca0000800d08c2c00bf8f2800b58f2400b48fc3
:10dcb0002000b38f1c00b28f1800b18f1400b08ffa
:10dcc0000800e0033000bd27c2ff00168068030093
:10dcd000f5ff00102c00bf8f02000924c0ff522660
:10dce0004c0129ae2578000140000a2603000b8a6a
:10dcf00007000c8a0b000d8a0f000e8a00000b9a99
:10dd000004000c9a0c000e9a08000d9a0300eba96f
:10dd10000000ebb90700eca90400ecb90b00eda979
:10dd20000800edb9100010260f00eea90c00eeb9a6
:10dd3000eeff0a161000ef2507000424fb0024a2c2
:10dd40003f0045323800b98e0100b82c01001f2772
:10dd500040001524253080022520600274003fae6b
:10dd60003c0128ae400135ae80000524480120aebc
:10dd700009f82003500131aef400338e019d143cac
:10dd8000e84d88263800798e1c00248e640030ae61
:10dd9000680032ae700028ae780031ae64002626ee
:10dda0002c00bf8f2800b58f2400b48f2000b38fc4
:10ddb0001c00b28f1800b18f1400b08f80000524b2
:08ddc000080020033000bd271c
:020000040000fa
:020000041d00dd
:10ddc800a8ffbd270080053c3c00b1af344db1240d
:10ddd8000800228e0c00238e5400bfaf5000b6af4f
:10dde8002b3043004c00b5af4800b4af4400b3af8c
:10ddf8004000b2af7400c0103800b0af0400298ee4
:10de08000c002a8e2158490023406a017200001133
:10de18005400bf8f0c002c8e2800122d2580800006
:10de28000400348e280004240b2012012168840188
:10de38002b70b401259080005200c011344db58c70
:10de48000c002f8e253080001000a4272462400f7c
:10de58002128af020c00338e21b053020c0036aedd
:10de68001800bf8f1c00b28f2000ac8f2400aa8f2f
:10de78002800a88f2c00a68f3000a48f3400ae8f06
:10de880000089f440010924400188c4400208a44e3
:10de980000488844005886440068844400788e44ca
:10dea8002588000025a80000009d053c2568000085
:10deb8002558000025480000253800002578000076
:10dec80025180000fc00a0c40008f1440010f54427
:10ded8000018ed440020eb440048e9440058e744aa
:10dee8000068ef440078e344200aa046e011a04609
:10def800a019a0466021a046a04aa046205ba046e3
:10df0800a06ba046207ca04642440046823c0046c6
:10df1800c2340046422d0046c255004642660046bd
:10df2800c2760046428700461000b38f1400b88faf
:10df38005400bf8f000013ae080011e60c0012e673
:10df4800040018ae100013e6140015e6180017e6d2
:10df58001c0019e620001be624001de62510000021
:10df68005000b68f4c00b58f4800b48f4400b38f73
:10df78004000b28f3c00b18f3800b08f0800e0033a
:10df88005800bd270c00338e0c00388e1000a427d3
:10df980023b093022128b8022462400f2530c00222
:10dfa80023c8740221a032031000a2272530800262
:10dfb8002528a0022462400f212056000c0034ae10
:10dfc800a8ff00101800bf8f0c00278e23404700c1
:10dfd80090ff00155400bf8f010002245000b68f37
:10dfe8004c00b58f4800b48f4400b38f4000b28f07
:10dff8003c00b18f3800b08f0800e0035800bd27ff
:020000040000fa
:020000041d00dd
:10e008000c00a2308400401400000000ffff8324ad
:10e01800feff662c7e00c010000000000000879004
:10e028007b00e01000000000d0ffbd272400b5af42
:10e038000f00b5302c00bfaf2800b6af2000b4af3a
:10e048001c00b3af1800b2af1400b1af0c00a0169b
:10e058001000b0af251000002c00bf8f2800b68f2d
:10e068002400b58f2000b48f1c00b38f1800b28f26
:10e078001400b18f1000b08f0800e0033000bd27f6
:10e088000c00948c2580a000010091925400968e7b
:10e098002200201602008892080000556000848e35
:10e0a8006800859201000424ebffa41481ff022478
:10e0b800680080a22588e0006000848e165e400f0c
:10e0c800259000000200889218000015259840004d
:10e0d800165e400f6400848e00511500204c107ca1
:10e0e80025904000150021052158ca0202016391bc
:10e0f8001000a22600310200cf006730020167a19c
:10e108002180c60202001692010005248431b67ce3
:10e11800020016a2140000108020150025880000b7
:10e1280025980000eaff0011259000000051150015
:10e13800204c107cedff20052158ca0206016c9185
:10e148001000ad2600710d009f008f3106016fa1f0
:10e1580021c0ce020600199301001f24c439f97f9b
:10e16800060019a3802015006c00888e21a8950050
:10e178000000292914000b24c05015000a58090072
:10e1880021604b0121a80c010c00ad8e0000b08e5f
:10e19800fcff162444080d7c0a0000120c00adaeea
:10e1a8000c000e8e252000020300c011080016aed8
:10e1b80009f8c001000000001800108ef9ff005691
:10e1c8000c000e8e01008f920500e0150000a0ae35
:10e1d80004006052020093927162400f6000848ec6
:10e1e8000200939205006016000000000300401230
:10e1f800000000007162400f6400848e96ff2012b8
:10e20800251000000100112493ff0010680091a25e
:10e218000800e00383ff02240800e00384ff0224cf
:020000040000fa
:020000041d00dd
:10e22800c8ffbd271800b0af2480908fffff0224dd
:10e238003400bfaf3000b6af2c00b5af2800b4af84
:10e248002400b3af2000b2af4b0002121c00b1afe4
:10e25800b1808493ff0086300b00c01400000000da
:10e268003400bf8f3000b68f2c00b58f2800b48fd4
:10e278002400b38f2000b28f1c00b18f1800b08f1c
:10e288000800e0033800bd27af808793ff00e8301f
:10e298004700001100a0093cae808b93ff006c3151
:10e2a800efff801500800d3c844db02508000e8ed0
:10e2b8000c000f8e2b88cf01490020560400148ec5
:10e2c8000c00128e2398d201e6ff60123400bf8f33
:10e2d8000800188e0c00198e2bf819034400e0135f
:10e2e800000000000400038e0c00058e21200303ab
:10e2f800238885001300201200a0123c0c00068e13
:10e308000004272e0400148e000408240a8807013c
:10e318002148d1002b50340138004011844db58d6f
:10e328000c000b8e00a0123c253020022128ab02e5
:10e338002462400f404344260c000c8e21682c02b6
:10e348000c000dae010010241000b0af25382002db
:10e35800404346261480852725200000ae8090a3e0
:10e36800a53c400f00000000bdff4054ae8080a3d4
:10e37800bcff00103400bf8f030005242a5e400f45
:10e3880025200000248082af2480838fb0ff701086
:10e39800000000002480848f019d053c253000008a
:10e3a800d85e400f7442a524a9ff001000000000a9
:10e3b80001000a2400020724bc402625188085276e
:10e3c80025200000af808aa30f3e400f0000000008
:10e3d800b1ff4054af8080a3afff001000000000e1
:10e3e8000c00158e21b0d401b7ff00102398d50278
:10e3f8000c00028ebfff0010238802030c00138e4e
:10e408000c000e8e00a0123c23b093022128ae020d
:10e41800404344262462400f2530c002237874020a
:10e4280021a0f101253080022528a0022462400f96
:10e43800212056000c0014aec3ff00100100102468
:020000040000fa
:020000041d00dd
:10e448000100a290d8ffbd27060003242000b1af29
:10e458001c00b0af2400bfaf2588a0002580800035
:10e46800370043101000a0af080005241b0045101a
:10e47800ad00852422004054ffff02240000868c52
:10e48800c000848cbc0005260000c77c0400e27c28
:10e498004408827cbc0002a61000a5af020002243a
:10e4a800070038920600319200ca18002518310377
:10e4b8002bf843000100e05725184000ffff6630a5
:10e4c8003455400f252000022400bf8f2000b18f53
:10e4d8001c00b08f0800e0032800bd271000a5af7e
:10e4e800efff001001000224d250400f1000a627b1
:10e4f8001000a58febffa05407003892ffff0224fd
:10e50800f2ff02122400bf8fe4000592f0ffa01072
:10e518002000b18ff400068e1c00048ec40000a2f7
:10e528002800d08c09f80002800005242400bf8f41
:10e538002000b18f1c00b08f0800e0032800bd2721
:10e548000300a8900800092decff20110c00848c12
:10e55800019d0b3c8050080070e56c250a688a7d97
:10e568000800a0010000000004e5009d28e6009dc9
:10e57800e8e5009df0e4009d04e5009d04e5009dac
:10e58800b4e5009d90e5009d00000e9610000f2454
:10e598007000d831daff0f17ffff0224e036400f72
:10e5a80025200002c9ff00102400bf8f0000199623
:10e5b80010001f2470002233d1ff5f14ffff0224d4
:10e5c8000e002533020003242100a3502000858c6f
:10e5d8002400858c0a000224c6ff00101000a5af95
:10e5e8000200a690ae0004922b38c400c4ffe010cd
:10e5f800ffff0224b000088e804806000a28097d23
:10e60800bfffa010000000001000a5af0300aa90f3
:10e618000200ab9000620a00a1ff001025108b01d8
:10e6280000000d9602000e240e00af310500ee51d9
:10e638000c00858c0000858c12000224adff0010b0
:10e648001000a5af12000224aaff00101000a5af09
:0ce658000a000224a7ff00101000a5af6c
:020000040000fa
:020000041d00dd
:10e66400d0ffbd272000b2af2590a0001000a52741
:10e674002800b4af2400b3af1c00b1af2c00bfaf6f
:10e684001800b0af258880004836400f2598c00098
:10e694002100401425a040001000a38f0100022493
:10e6a400550062142d0004240000278e0000f88019
:10e6b4005b00041330000524610005132580e0008d
:10e6c400d0ff0c270a008d2d1c00a0112e000e2453
:10e6d4000100102600001882d0ff0c270a008d2d9f
:10e6e400fcffa05501001026140000102e000e247b
:10e6f400d5ff0525fd00a6305d00c050020008824c
:10e7040001001026d0ff09250a002a2d22004015f9
:10e71400010010260e0014242c00bf8f2510800247
:10e724002400b38f2800b48f2000b28f1c00b18f57
:10e734001800b08f0800e0033000bd270c000e570e
:10e7440000000f8201001882d0ff19270a003f2f12
:10e75400f0ffe013010010260100102600000f82d4
:10e76400d0ffe3250a00622cfcff40540100102670
:10e7740044290f7c45000424ddffe4510100088294
:10e7840000000b82d0ff6c250a008d2d0700a0111c
:10e79400000000000100102600000b82d0ff6c2551
:10e7a4000a008d2dfcffa055010010260800401220
:10e7b40001000e262328c7012b98b3002a006012fb
:10e7c400029d0f3c2c93e6254363400f2520400215
:10e7d4002c00bf8f000030ae251080022400b38fc0
:10e7e4002800b48f2000b28f1c00b18f1800b08fa6
:10e7f4000800e0033000bd272c00bf8f0200142462
:10e80400251080022400b38f2800b48f2000b28f1b
:10e814001c00b18f1800b08f0800e0033000bd2742
:10e824000100e680d0ffc8240a00092db9ff201199
:10e834000100f02430000a24a6ffca540100102667
:10e844000100188230000b24b2ff0b1301001026c4
:10e85400d0ff0c270a008d2d9effa0550100102625
:10e86400b6ff00102e000e24abff00100f0014247e
:08e87400a4ff001002001026b1
:020000040000fa
:020000041d00dd
:10e87c00e0ffbd271800b1af029d113c2493222666
:10e88c001400b0af0400508c1c00bfaf09f800029c
:10e89c0000000000fdff40140180043c80b1832483
:10e8ac0002006f9080b18b90080065900900679012
:10e8bc000100789006006a90040068900500699049
:10e8cc000a006690019d0c3c508e9f250c006290b6
:10e8dc000e006d900d006e908020050080c80f001a
:10e8ec0080800b0080c0180080500a008040080017
:10e8fc008048090080300600802807000a78f97fdc
:10e90c000a58f07f0a38e57f0a80f87f0ac0ea7f50
:10e91c000a50e87f0a40e97f0a48e67f0a30e47f24
:10e92c0000a0193cbc4225278060020080680d00c5
:10e93c0080100e000a68ed7f0a60ec7fbc4230af9d
:10e94c000400afac0800abac0c00a8ac1000b8ac29
:10e95c001400aaac1800a7ac1c00a9ac2000a6acf3
:10e96c000a70e27f1200709010006f901100799085
:10e97c0016006a901400699015006b901a0067904d
:10e98c0018006490190068901e00669080c01000fa
:10e99c0080100f008080190080500a008048090008
:10e9ac0080580b008038070080200400804008004d
:10e9bc000ac8f07f0ac0f87f0a80e97f0a78e27ff4
:10e9cc000a48e77f0a10ea7f0a38e87f0a50eb7f93
:10e9dc000a58e47f803006002400aeac2c00acacae
:10e9ec003000b9ac3400b8ac4400b0ac4800a7acb3
:10e9fc002800adac3800afac3c00aaac4000a2acd7
:10ea0c004c00a9ac5000abac0a68e67f1c006c90c3
:10ea1c001d00639000a00e3c80200c008040030081
:10ea2c000ac0e47f0af8e87f2493398e1c43d12571
:10ea3c001c43c0ad040020ae080020ae0c0020ae7c
:10ea4c00100020ae140020ae180020ae1c0020ae2a
:10ea5c00200020a6220020a25400bfac1800b18fc9
:10ea6c001c00bf8f1400b08f5800adac5c00b8ac6c
:10ea7c002538000083000624ffff0424080020032f
:04ea8c002000bd2782
:020000040000fa
:020000041d00dd
:10ea90007e00c010000000000200c22c42390500b8
:10eaa0007c0040141f00b930010008244018080001
:10eab000ffff68302b480601fdff201540180800b5
:10eac000c21008002400e62c7000c01000000000f6
:10ead0002100ea2480580a0021388b0014018c247c
:10eae00001000d24ffff4e24e0ff24270700cf3153
:10eaf0000000e38c21c082003200e01121c8220313
:10eb0000232822030440ad002510c0015800d8116d
:10eb100026186800010009242a00e91102000624d1
:10eb20002300e61103000a241d00ea11232022031a
:10eb300004000b241400eb11050004240d00e41163
:10eb4000060005240700e5512370220323102e033d
:10eb500004784d00ffffc2254500581026186f00ad
:10eb6000237022030440cd01ffff422440005810cf
:10eb7000261868002348220304302d01ffff422499
:10eb80003b005810261866002350220304584d01fc
:10eb9000ffff42243600581026186b002320220362
:10eba00004288d00ffff422431005810261865000c
:10ebb000237822030470ed01ffff42242c0058103b
:10ebc00026186e0023402203ffff422404480d0153
:10ebd000233022030450cd00255840002a00401065
:10ebe00026186900230058500000e3acffff4224c0
:10ebf0002320220304288d001d00581026186a00c7
:10ec0000feff6225237822030470ed0118005810de
:10ec100026186500fdff62252340220304480d01ec
:10ec20001300581026186e00fcff622523302203c3
:10ec30000450cd000e00581026186900fbff622515
:10ec40002320220304288d000900581026186a008a
:10ec5000faff6225237822030470ed0104005810a6
:10ec600026186500f9ff6225d6ff581426186e0095
:10ec70000000e3ac0400e7249affec1425c8000070
:10ec80000800e003000000000000e3ac0800e0031f
:0cec9000000000008bff001025100000a9
:020000040000fa
:020000041d00dd
:10ec9c006e756c6c000000000000000000000000ad
:10ecac000000000000000000000000000000000058
:10ecbc000000000000000000000000000000000048
:10eccc000000000000000000000000000000000038
:10ecdc000000000000000000000000000000000028
:10ecec000000000000000000000000000000000018
:10ecfc000000000000000000000000000000000008
:10ed0c0000000000000000000000000000000000f7
:10ed1c0000000000000000000000000000000000e7
:10ed2c0000000000000000000000000000000000d7
:10ed3c0000000000000000000000000000000000c7
:10ed4c0000000000000000000000000000000000b7
:10ed5c0000000000000000000000000000000000a7
:10ed6c000000000000000000000000000000000097
:10ed7c000000000000000000000000000000000087
:10ed8c000000000000000000000000000000000077
:10ed9c000000000000000000000000000000000067
:10edac000000000000000000000000000000000057
:10edbc000000000000000000000000000000000047
:10edcc000000000000000000000000000000000037
:10eddc000000000000000000000000000000000027
:10edec000000000000000000000000000000000017
:10edfc000000000000000000000000000000000007
:10ee0c0000000000000000000000000000000000f6
:10ee1c0000000000000000000000000000000000e6
:10ee2c0000000000000000000000000000000000d6
:10ee3c0000000000000000000000000000000000c6
:10ee4c0000000000000000000000000000000000b6
:10ee5c0000000000000000000000000000000000a6
:10ee6c000000000000000000000000000000000096
:10ee7c000000000000000000000000000000000086
:10ee8c000000000000000000000000000000000076
:020000040000fa
:020000041d00dd
:10ee9c000400a88cb0ffbd274400b7af3800b4af56
:10eeac002c00b1af4c00bfaf4800beaf4000b6afb6
:10eebc003c00b5af3400b3af3000b2af2800b0aff8
:10eecc0025b880002588a0004c0000050000b48cfb
:10eedc004408147c08003e8e10008a320000d28c4c
:10eeec000400d68c0400401125a8c003251056023e
:10eefc0001004054feffd52708008932010020553f
:10ef0c00ffffb5261000308e0c00338e2528a00292
:10ef1c00ffff102621107002000040a00200022a00
:10ef2c000b00401425105602360040140f004332db
:10ef3c0023101501211045003300401c0a006428e1
:10ef4c000300a018020082322f00401400000000c1
:10ef5c000b004011000000000000c28c0400c38ca8
:10ef6c00251043000600401021107002feff1026f1
:10ef7c00ffff47a03000032421107002000043a0c3
:10ef8c000400201120000324ffff10262110700222
:10ef9c00000043a01000268e1000b4af2538c0032b
:10efac00ffffc6242330d00021287002a54d400f4e
:10efbc002520e0020400e38e0001633004006010a1
:10efcc004c00bf8f0400238e2a2043000b106400da
:10efdc004800be8f4400b78f4000b68f3c00b58f01
:10efec003800b48f3400b38f3000b28f2c00b18f47
:10effc002800b08f0800e0035000bd27b5ff0010bb
:10f00c00010008240a0064280200801057006224c2
:10f01c0030006224bfffe3241a00632c130060103d
:10f02c00200043349fff63241a00632c10006050af
:10f03c00ffff1026252040005c00a7af5800a6afac
:10f04c002400a8af2000a5af1c00a9afc663400fd9
:10f05c001800aaaf5c00a78f5800a68f2400a88fb9
:10f06c002000a58f1c00a98f1800aa8fffff102667
:10f07c0021187002000062a0029112000017160005
:10f08c00ffffa52425905200a4ff001002b116002a
:020000040000fa
:020000041d00dd
:10f09c000c00a2307600401400000000ffff832417
:10f0ac00feff662c7400c01000000000c0ffbd27de
:10f0bc002000b2af1c00b1af0f00b230208c057c29
:10f0cc00000085903c00bfaf3800beaf3400b7af36
:10f0dc003000b6af2c00b5af2800b4af2400b3afee
:10f0ec006700a0101800b0af0c009e8c802012009e
:10f0fc000000342a213892006c00c88f14000a24b6
:10f10c000100d5930a501400c048070021582a0169
:10f11c005400d78f21a00b013000a0120200ce9317
:10f12c0025a800001000a0af3a00c01125b00000c7
:10f13c000000908e0a000012feff13240c000f8eac
:10f14c00252000020300e011080013ae09f8e001cd
:10f15c00000000001800108ef9ff00560c000f8ef6
:10f16c0003004012000080ae2e002006100058262e
:10f17c000100d293050040560200c5931000b18fd8
:10f18c0037002016000000000200c5930300a014f5
:10f19c00000000002e00c016000000000300a012aa
:10f1ac0025100000010004246800c4a33c00bf8f9c
:10f1bc003800be8f3400b78f3000b68f2c00b58f5f
:10f1cc002800b48f2400b38f2000b28f1c00b18fa5
:10f1dc001800b08f0800e0034000bd270800c055a0
:10f1ec006000c48f6800cc9301000d24efff8d15d7
:10f1fc0081ff02246800c0a325a8a0006000c48f72
:10f20c00165e400f25b000000200ce93c8ffc0155b
:10f21c001000a2af165e400f6400c48fc4ff001034
:10f22c0025b0400000c9180021f8f9020000e28f57
:10f23c000004437ccfff60500100d2930200e693a0
:10f24c00c418667c0200e6a3caff00100100d2932a
:10f25c007162400f6400c48fd0ff001000000000ea
:10f26c007162400f6000c48fc8ff00100200c5938c
:10f27c000800e00384ff02240800e00383ff02245b
:08f28c00caff001083ff0224f9
:020000040000fa
:020000041d00dd
:10f29400d8ffbd272400bfaf2000b3af1c00b2af1e
:10f2a4001800b1af1400b0af6f0080143800a28f03
:10f2b4000180133cf4b07026100003922590a00046
:10f2c400ffff05246a006010000045ae6400e010f2
:10f2d40002004830120000550e000a960100493021
:10f2e40034000d8e28000e8e2b78ae016200e011e2
:10f2f400010019246980989312001913a0ff1124a6
:10f304002400bf8f251020022000b38f1c00b28f71
:10f314001800b18f1400b08f0800e0032800bd2747
:10f324002b58ea00f6ff601582ff11241b00ea0047
:10f33400f40140010200092410600000e8ff0010fd
:10f344002338ec000180113c88b03f260800e28f8e
:10f354000200432813006014698080a32c00e48f0a
:10f36400020085283800a01401800c3c5000e88f6e
:10f3740002000a293700401501800b3c2400bf8f8e
:10f3840080ff1124251020022000b38f1c00b28faf
:10f394001800b18f1400b08f698098a30800e003af
:10f3a4002800bd272588e003c06804002170a4015b
:10f3b40080780e0021c0ef03000006af019d063cdb
:10f3c400040007af8053c724100009af140000af36
:10f3d400c364400f0c0007af3400098e25204000a1
:10f3e40001003925340019aec564400f0000000047
:10f3f400000051ae0c000592f4b0648e5661400fcb
:10f404002530200204004014258840000100122405
:10f41400bbff0010698092a3c364400f000000008a
:10f424003400138e25204000ffff6226340002ae14
:10f43400c564400fffff1024000050ae01001224e9
:10f44400afff0010698092a3acb09125d6ff0010e5
:10f4540001000424d0b07125d3ff0010020004245d
:10f46400a7ff001082ff1124a5ff001088ff1124bc
:10f47400a3ff00108aff1124a1ff001080ff1124b4
:020000040000fa
:020000041d00dd
:10f48400c0ffbd273000b5af0800d58c3800b7af3a
:10f494003400b6af2c00b4af2800b3af1c00b0af3b
:10f4a4003c00bfaf2400b2af2000b1af2580800084
:10f4b40025b0a00025a0e0001000d78c5056400fc6
:10f4c4000c00d38c0100a052fffff5260000838eb0
:10f4d4002590000021186200000083ae2a10550216
:10f4e40031004010ffffe2262a1042022f00405054
:10f4f400219072023c00028e4c00038e2b184300b4
:10f5040038006010010043243c0003ae0000519019
:10f514003163400f252020024a00401401000224d8
:10f524001c0042564c00028eaa63400f2520200284
:10f534007800032416004314300002240000638280
:10f54400140062544c00028e3c00028e4c00038e68
:10f554002b18430037006010000000000100432412
:10f564003c0003ae000042904c00038e0400601087
:10f57400000000003c00038effff63243c0003ae48
:10f584003163400f252040002f00401421107202e7
:10f594004c00028e05004050219072023c00028e05
:10f5a400ffff42243c0002ae21907202000040a200
:10f5b400100006241000a5273a62400f252060029f
:10f5c4001000b18f0000c2ae0400c3ae268833021f
:10f5d400feff0324010002240a1071000900001038
:10f5e400258840000454400f25200002258840004f
:10f5f400ffff0224c6ff221600000000ebff4016a6
:10f60400219072023c00bf8f251020023800b78f72
:10f614003400b68f3000b58f2c00b48f2800b38f20
:10f624002400b28f2000b18f1c00b08f0800e003cb
:10f634004000bd270454400f25200002cbff0010da
:10f644004c00038e21107202000051a00000828e33
:10f654000100522601004224a0ff0010000082aee7
:020000040000fa
:020000041d00dd
:10f664000800828cfeff03245300431000000000b6
:10f67400e0ffbd27020005241800b1af1400b0afad
:10f684001c00bfaf25888000260045101400908c14
:10f694000400868c1800c054c4000492d8000f8e55
:10f6a400e800188ec40000a2252800000f001924c9
:10f6b4003300f851ec00068ed00004962530a000eb
:10f6c40009f8e00125282003f400078e40000824ef
:10f6d4001c00048e3800f98c880006268c0008aec5
:10f6e4001c00bf8f1800b18f1400b08f25280000b4
:10f6f400080020032000bd2731008050d8000f8e61
:10f70400c800078ecc00088e2b48e8003000201576
:10f7140025280000d8000f8ee800188ee4ff0010a2
:10f724000d001924c4001f920a00e013e800188e8b
:10f73400d800028e08004050180003963400581078
:10f7440025300000d000049609f840000c00052480
:10f75400e800188e18000396019d113c0100052451
:10f7640000bc2f26c40005a2d8000faed00003a60b
:10f7740024000526d0fff8150e001924ec00068e8f
:10f7840009f8e00125202003f400078e4000082436
:10f794001c00048e3800f98c880006268c0008ae04
:10f7a4001c00bf8f1800b18f1400b08f25280000f3
:10f7b400080020032000bd270800e003000000002b
:10f7c400e800188e25280000b9ff00100100192454
:10f7d400d4000a8e240005262462400f212047010c
:10f7e400c800068e04002b8ecc000c8ed8000f8e21
:10f7f4002168cb002b70ac010b00c011c8000dae0a
:10f80400e800188e25280000a9ff00100100192423
:10f81400ec00068e2528000009f800030c000424df
:10f82400ccff0010e800188ee800188e2528000090
:08f834009fff00100d001924d4
:020000040000fa
:020000041d00dd
:10f83c00d8ffbd272400bfaf2000b3af1c00b2af70
:10f84c001800b1af680080141400b0af0180123cf6
:10f85c00f4b050260a000292ffff0324640040100b
:10f86c000000a3ac080004961b00e400f401800027
:10f87c00104800002a00e010254020010900205506
:10f88c0082ff112438000a8e2c000b8e2b604b014a
:10f89c005900801101000e2469808d930900ae116e
:10f8ac00a0ff11242400bf8f251020022000b38f4d
:10f8bc001c00b28f1800b18f1400b08f0800e00349
:10f8cc002800bd2701800f3c88b0f8250800118f57
:10f8dc000200332a14006016698080a32c00088f64
:10f8ec0002001929390020170180043c50001f8f99
:10f8fc000200e22b380040142400bf8f80ff11243b
:10f90c00251020022000b38f1c00b28f1800b18f7d
:10f91c001400b08f69808da30800e0032800bd2778
:10f92c00e0ff001082ff1124258800032598a00019
:10f93c00c02808002148a8008050090021580a035b
:10f94c00000066ad019d063c040067add852c7248b
:10f95c00140060adc364400f0c0067ad38000c8e12
:10f96c002520400001008d2538000daec564400fe8
:10f97c0000000000000071ae06000592f4b0448e49
:10f98c005661400f253020020400401425884000a9
:10f99c0001000f24c3ff001069808fa3c364400fc4
:10f9ac00000000003800128e25204000ffff4e267c
:10f9bc0038000eaec564400fffff102401000f2469
:10f9cc00000070aeb7ff001069808fa3acb091241b
:10f9dc00d6ff0010010008240180033cd0b0712434
:10f9ec00d2ff001002000824aeff001088ff112483
:10f9fc00acff00108aff1124aaff001080ff112415
:020000040000fa
:020000041d00dd
:10fa0c0000e85d4100701a4000601b40e8febd2715
:10fa1c001401baaf02601a401001bbaf44781b7cd2
:10fa2c0000047b370c01baaf00609b401210000041
:10fa3c000401a2afd800bff7101800000001a3af5b
:10fa4c00d000bdf712102000fc00a2afc800bbf71d
:10fa5c0010182000f800a3afc000b9f71210400036
:10fa6c00f400a2afb800b7f710184000f000a3af35
:10fa7c00b000b5f710186000a800b3f7a000b2f7fb
:10fa8c00121060009800b1f79000b0f78800aff743
:10fa9c008000aef77800adf77000acf76800abf7fc
:10faac006000aaf75800a9f75000a8f74800a7f77c
:10fabc004000a6f73800a5f73000a4f72800a3f7fc
:10facc002000a2f71800a1f71000a0f7ec00a2afdd
:10fadc00e800a3afb81c3f7c0801a3af00f8424478
:10faec00e400a2af1e4c400f00000000e400a28f07
:10fafc0000f8c244fc00a58f0801a38f0401a28f5b
:10fb0c001308a000f800a58ff8fc617c0001a38ffe
:10fb1c001108a000f400a58fd800bfd7d000bdd726
:10fb2c001310a000f000a58fc800bbd7c000b9d738
:10fb3c001110a000ec00a58fb800b7d7b000b5d756
:10fb4c001318a000e800a58fa800b3d7a000b2d767
:10fb5c009800b1d79000b0d78800afd78000aed74f
:10fb6c007800add77000acd76800abd76000aad7cf
:10fb7c005800a9d75000a8d74800a7d74000a6d74f
:10fb8c003800a5d73000a4d72800a3d72000a2d7cf
:10fb9c001800a1d71000a0d713004000110060007e
:10fbac001118a00000606041c00000000c01bb8f68
:10fbbc001401ba8f02609b401001bb8f00709a40f9
:10fbcc001801bd2700e8dd4100609b401800004291
:020000040000fa
:020000041d00dd
:10fbdc0000e85d4100701a4000601b40e8febd2744
:10fbec001401baaf02601a401001bbaf44781b7c01
:10fbfc0000047b370c01baaf00609b401210000070
:10fc0c000401a2afd800bff7101800000001a3af89
:10fc1c00d000bdf712102000fc00a2afc800bbf74b
:10fc2c0010182000f800a3afc000b9f71210400064
:10fc3c00f400a2afb800b7f710184000f000a3af63
:10fc4c00b000b5f710186000a800b3f7a000b2f729
:10fc5c00121060009800b1f79000b0f78800aff771
:10fc6c008000aef77800adf77000acf76800abf72a
:10fc7c006000aaf75800a9f75000a8f74800a7f7aa
:10fc8c004000a6f73800a5f73000a4f72800a3f72a
:10fc9c002000a2f71800a1f71000a0f7ec00a2af0b
:10fcac00e800a3afb81c3f7c0801a3af00f84244a6
:10fcbc00e400a2af6152400f00000000e400a28fec
:10fccc0000f8c244fc00a58f0801a38f0401a28f89
:10fcdc001308a000f800a58ff8fc617c0001a38f2d
:10fcec001108a000f400a58fd800bfd7d000bdd755
:10fcfc001310a000f000a58fc800bbd7c000b9d767
:10fd0c001110a000ec00a58fb800b7d7b000b5d784
:10fd1c001318a000e800a58fa800b3d7a000b2d795
:10fd2c009800b1d79000b0d78800afd78000aed77d
:10fd3c007800add77000acd76800abd76000aad7fd
:10fd4c005800a9d75000a8d74800a7d74000a6d77d
:10fd5c003800a5d73000a4d72800a3d72000a2d7fd
:10fd6c001800a1d71000a0d71300400011006000ac
:10fd7c001118a00000606041c00000000c01bb8f96
:10fd8c001401ba8f02609b401001bb8f00709a4027
:10fd9c001801bd2700e8dd4100609b4018000042bf
:020000040000fa
:020000041d00dd
:10fdac0000e85d4100701a4000601b40e8febd2772
:10fdbc001401baaf02601a401001bbaf44781b7c2f
:10fdcc0000047b370c01baaf00609b40121000009e
:10fddc000401a2afd800bff7101800000001a3afb8
:10fdec00d000bdf712102000fc00a2afc800bbf77a
:10fdfc0010182000f800a3afc000b9f71210400093
:10fe0c00f400a2afb800b7f710184000f000a3af91
:10fe1c00b000b5f710186000a800b3f7a000b2f757
:10fe2c00121060009800b1f79000b0f78800aff79f
:10fe3c008000aef77800adf77000acf76800abf758
:10fe4c006000aaf75800a9f75000a8f74800a7f7d8
:10fe5c004000a6f73800a5f73000a4f72800a3f758
:10fe6c002000a2f71800a1f71000a0f7ec00a2af39
:10fe7c00e800a3afb81c3f7c0801a3af00f84244d4
:10fe8c00e400a2afbf64400f00000000e400a28faa
:10fe9c0000f8c244fc00a58f0801a38f0401a28fb7
:10feac001308a000f800a58ff8fc617c0001a38f5b
:10febc001108a000f400a58fd800bfd7d000bdd783
:10fecc001310a000f000a58fc800bbd7c000b9d795
:10fedc001110a000ec00a58fb800b7d7b000b5d7b3
:10feec001318a000e800a58fa800b3d7a000b2d7c4
:10fefc009800b1d79000b0d78800afd78000aed7ac
:10ff0c007800add77000acd76800abd76000aad72b
:10ff1c005800a9d75000a8d74800a7d74000a6d7ab
:10ff2c003800a5d73000a4d72800a3d72000a2d72b
:10ff3c001800a1d71000a0d71300400011006000da
:10ff4c001118a00000606041c00000000c01bb8fc4
:10ff5c001401ba8f02609b401001bb8f00709a4055
:10ff6c001801bd2700e8dd4100609b4018000042ed
:020000040000fa
:020000041d00dd
:10ff7c0000e85d4100701a4000601b40e8febd27a0
:10ff8c001401baaf02601a401001bbaf44781b7c5d
:10ff9c0000047b370c01baaf00609b4012100000cc
:10ffac000401a2afd800bff7101800000001a3afe6
:10ffbc00d000bdf712102000fc00a2afc800bbf7a8
:10ffcc0010182000f800a3afc000b9f712104000c1
:10ffdc00f400a2afb800b7f710184000f000a3afc0
:10ffec00b000b5f710186000a800b3f7a000b2f786
:10fffc00121060009800b1f79000b0f78800aff7ce
:020000041d01dc
:10000c008000aef77800adf77000acf76800abf786
:10001c006000aaf75800a9f75000a8f74800a7f706
:10002c004000a6f73800a5f73000a4f72800a3f786
:10003c002000a2f71800a1f71000a0f7ec00a2af67
:10004c00e800a3afb81c3f7c0801a3af00f8424402
:10005c00e400a2afc164400f00000000e400a28fd6
:10006c0000f8c244fc00a58f0801a38f0401a28fe5
:10007c001308a000f800a58ff8fc617c0001a38f89
:10008c001108a000f400a58fd800bfd7d000bdd7b1
:10009c001310a000f000a58fc800bbd7c000b9d7c3
:1000ac001110a000ec00a58fb800b7d7b000b5d7e1
:1000bc001318a000e800a58fa800b3d7a000b2d7f2
:1000cc009800b1d79000b0d78800afd78000aed7da
:1000dc007800add77000acd76800abd76000aad75a
:1000ec005800a9d75000a8d74800a7d74000a6d7da
:1000fc003800a5d73000a4d72800a3d72000a2d75a
:10010c001800a1d71000a0d7130040001100600008
:10011c001118a00000606041c00000000c01bb8ff2
:10012c001401ba8f02609b401001bb8f00709a4083
:10013c001801bd2700e8dd4100609b40180000421b
:020000040000fa
:020000041d01dc
:10014c0000e85d4100701a4000601b40e8febd27ce
:10015c001401baaf02601a401001bbaf44781b7c8b
:10016c0000047b370c01baaf00609b4012100000fa
:10017c000401a2afd800bff7101800000001a3af14
:10018c00d000bdf712102000fc00a2afc800bbf7d6
:10019c0010182000f800a3afc000b9f712104000ef
:1001ac00f400a2afb800b7f710184000f000a3afee
:1001bc00b000b5f710186000a800b3f7a000b2f7b4
:1001cc00121060009800b1f79000b0f78800aff7fc
:1001dc008000aef77800adf77000acf76800abf7b5
:1001ec006000aaf75800a9f75000a8f74800a7f735
:1001fc004000a6f73800a5f73000a4f72800a3f7b5
:10020c002000a2f71800a1f71000a0f7ec00a2af95
:10021c00e800a3afb81c3f7c0801a3af00f8424430
:10022c00e400a2af3e5e400f00000000e400a28f8d
:10023c0000f8c244fc00a58f0801a38f0401a28f13
:10024c001308a000f800a58ff8fc617c0001a38fb7
:10025c001108a000f400a58fd800bfd7d000bdd7df
:10026c001310a000f000a58fc800bbd7c000b9d7f1
:10027c001110a000ec00a58fb800b7d7b000b5d70f
:10028c001318a000e800a58fa800b3d7a000b2d720
:10029c009800b1d79000b0d78800afd78000aed708
:1002ac007800add77000acd76800abd76000aad788
:1002bc005800a9d75000a8d74800a7d74000a6d708
:1002cc003800a5d73000a4d72800a3d72000a2d788
:1002dc001800a1d71000a0d7130040001100600037
:1002ec001118a00000606041c00000000c01bb8f21
:1002fc001401ba8f02609b401001bb8f00709a40b2
:10030c001801bd2700e8dd4100609b401800004249
:020000040000fa
:020000041d01dc
:10031c0000e85d4100701a4000601b40e8febd27fc
:10032c001401baaf02601a401001bbaf44781b7cb9
:10033c0000047b370c01baaf00609b401210000028
:10034c000401a2afd800bff7101800000001a3af42
:10035c00d000bdf712102000fc00a2afc800bbf704
:10036c0010182000f800a3afc000b9f7121040001d
:10037c00f400a2afb800b7f710184000f000a3af1c
:10038c00b000b5f710186000a800b3f7a000b2f7e2
:10039c00121060009800b1f79000b0f78800aff72a
:1003ac008000aef77800adf77000acf76800abf7e3
:1003bc006000aaf75800a9f75000a8f74800a7f763
:1003cc004000a6f73800a5f73000a4f72800a3f7e3
:1003dc002000a2f71800a1f71000a0f7ec00a2afc4
:1003ec00e800a3afb81c3f7c0801a3af00f842445f
:1003fc00e400a2af614c400f00000000e400a28fab
:10040c0000f8c244fc00a58f0801a38f0401a28f41
:10041c001308a000f800a58ff8fc617c0001a38fe5
:10042c001108a000f400a58fd800bfd7d000bdd70d
:10043c001310a000f000a58fc800bbd7c000b9d71f
:10044c001110a000ec00a58fb800b7d7b000b5d73d
:10045c001318a000e800a58fa800b3d7a000b2d74e
:10046c009800b1d79000b0d78800afd78000aed736
:10047c007800add77000acd76800abd76000aad7b6
:10048c005800a9d75000a8d74800a7d74000a6d736
:10049c003800a5d73000a4d72800a3d72000a2d7b6
:1004ac001800a1d71000a0d7130040001100600065
:1004bc001118a00000606041c00000000c01bb8f4f
:1004cc001401ba8f02609b401001bb8f00709a40e0
:1004dc001801bd2700e8dd4100609b401800004278
:020000040000fa
:020000041d01dc
:1004ec0000e85d4100701a4000601b40e8febd272b
:1004fc001401baaf02601a401001bbaf44781b7ce8
:10050c0000047b370c01baaf00609b401210000056
:10051c000401a2afd800bff7101800000001a3af70
:10052c00d000bdf712102000fc00a2afc800bbf732
:10053c0010182000f800a3afc000b9f7121040004b
:10054c00f400a2afb800b7f710184000f000a3af4a
:10055c00b000b5f710186000a800b3f7a000b2f710
:10056c00121060009800b1f79000b0f78800aff758
:10057c008000aef77800adf77000acf76800abf711
:10058c006000aaf75800a9f75000a8f74800a7f791
:10059c004000a6f73800a5f73000a4f72800a3f711
:1005ac002000a2f71800a1f71000a0f7ec00a2aff2
:1005bc00e800a3afb81c3f7c0801a3af00f842448d
:1005cc00e400a2af9052400f00000000e400a28fa4
:1005dc0000f8c244fc00a58f0801a38f0401a28f70
:1005ec001308a000f800a58ff8fc617c0001a38f14
:1005fc001108a000f400a58fd800bfd7d000bdd73c
:10060c001310a000f000a58fc800bbd7c000b9d74d
:10061c001110a000ec00a58fb800b7d7b000b5d76b
:10062c001318a000e800a58fa800b3d7a000b2d77c
:10063c009800b1d79000b0d78800afd78000aed764
:10064c007800add77000acd76800abd76000aad7e4
:10065c005800a9d75000a8d74800a7d74000a6d764
:10066c003800a5d73000a4d72800a3d72000a2d7e4
:10067c001800a1d71000a0d7130040001100600093
:10068c001118a00000606041c00000000c01bb8f7d
:10069c001401ba8f02609b401001bb8f00709a400e
:1006ac001801bd2700e8dd4100609b4018000042a6
:020000040000fa
:020000041d01dc
:1006bc0000e85d4100701a4000601b40e8febd2759
:1006cc001401baaf02601a401001bbaf44781b7c16
:1006dc0000047b370c01baaf00609b401210000085
:1006ec000401a2afd800bff7101800000001a3af9f
:1006fc00d000bdf712102000fc00a2afc800bbf761
:10070c0010182000f800a3afc000b9f71210400079
:10071c00f400a2afb800b7f710184000f000a3af78
:10072c00b000b5f710186000a800b3f7a000b2f73e
:10073c00121060009800b1f79000b0f78800aff786
:10074c008000aef77800adf77000acf76800abf73f
:10075c006000aaf75800a9f75000a8f74800a7f7bf
:10076c004000a6f73800a5f73000a4f72800a3f73f
:10077c002000a2f71800a1f71000a0f7ec00a2af20
:10078c00e800a3afb81c3f7c0801a3af00f84244bb
:10079c00e400a2afbc61400f00000000e400a28f97
:1007ac0000f8c244fc00a58f0801a38f0401a28f9e
:1007bc001308a000f800a58ff8fc617c0001a38f42
:1007cc001108a000f400a58fd800bfd7d000bdd76a
:1007dc001310a000f000a58fc800bbd7c000b9d77c
:1007ec001110a000ec00a58fb800b7d7b000b5d79a
:1007fc001318a000e800a58fa800b3d7a000b2d7ab
:10080c009800b1d79000b0d78800afd78000aed792
:10081c007800add77000acd76800abd76000aad712
:10082c005800a9d75000a8d74800a7d74000a6d792
:10083c003800a5d73000a4d72800a3d72000a2d712
:10084c001800a1d71000a0d71300400011006000c1
:10085c001118a00000606041c00000000c01bb8fab
:10086c001401ba8f02609b401001bb8f00709a403c
:10087c001801bd2700e8dd4100609b4018000042d4
:020000040000fa
:020000041d01dc
:10088c0000e85d4100701a4000601b40e8febd2787
:10089c001401baaf02601a401001bbaf44781b7c44
:1008ac0000047b370c01baaf00609b4012100000b3
:1008bc000401a2afd800bff7101800000001a3afcd
:1008cc00d000bdf712102000fc00a2afc800bbf78f
:1008dc0010182000f800a3afc000b9f712104000a8
:1008ec00f400a2afb800b7f710184000f000a3afa7
:1008fc00b000b5f710186000a800b3f7a000b2f76d
:10090c00121060009800b1f79000b0f78800aff7b4
:10091c008000aef77800adf77000acf76800abf76d
:10092c006000aaf75800a9f75000a8f74800a7f7ed
:10093c004000a6f73800a5f73000a4f72800a3f76d
:10094c002000a2f71800a1f71000a0f7ec00a2af4e
:10095c00e800a3afb81c3f7c0801a3af00f84244e9
:10096c00e400a2afbb2f400f00000000e400a28ff8
:10097c0000f8c244fc00a58f0801a38f0401a28fcc
:10098c001308a000f800a58ff8fc617c0001a38f70
:10099c001108a000f400a58fd800bfd7d000bdd798
:1009ac001310a000f000a58fc800bbd7c000b9d7aa
:1009bc001110a000ec00a58fb800b7d7b000b5d7c8
:1009cc001318a000e800a58fa800b3d7a000b2d7d9
:1009dc009800b1d79000b0d78800afd78000aed7c1
:1009ec007800add77000acd76800abd76000aad741
:1009fc005800a9d75000a8d74800a7d74000a6d7c1
:100a0c003800a5d73000a4d72800a3d72000a2d740
:100a1c001800a1d71000a0d71300400011006000ef
:100a2c001118a00000606041c00000000c01bb8fd9
:100a3c001401ba8f02609b401001bb8f00709a406a
:100a4c001801bd2700e8dd4100609b401800004202
:020000040000fa
:020000041d01dc
:100a5c00e8ffbd271000b0af25808000019d043c4d
:100a6c001400bfaf7160400ffc718424010002328e
:100a7c0023004014020005322800a014019d063cfe
:100a8c00040007322b00e014019d083c08000932d9
:100a9c002e002015019d0a3c10000b323100601510
:100aac00019d0c3c20000d323400a015019d0e3c24
:100abc0040000f323700e015019d183c80001932c0
:100acc003a002017019d1f3c000204323e008014a6
:100adc00019d023c8006037e41006014019d053c93
:100aec00c006107e44000016019d063c1400bf8f0a
:100afc001000b08f0a0004243a63400b1800bd2785
:100b0c00019d033c7160400f0472642402000532a5
:100b1c00dcffa01004000732019d063c7160400f01
:100b2c000c72c42404000732d9ffe010080009320b
:100b3c00019d083c7160400f1472042508000932b5
:100b4c00d6ff201110000b32019d0a3c7160400f42
:100b5c001c72442510000b32d3ff601120000d32a3
:100b6c00019d0c3c7160400f2472842520000d32d5
:100b7c00d0ffa01140000f32019d0e3c7160400f60
:100b8c002c72c42540000f32cdffe01180001932c9
:100b9c00019d183c7160400f34720427800019329b
:100bac00caff201300020432019d1f3c3c72e42753
:100bbc007160400f0000000000020432c6ff80107c
:100bcc008006037e019d023c7160400f44724424f8
:100bdc008006037ec3ff6050c006107e019d053c5d
:100bec004c72a4247160400fc006107ec0ff00122e
:100bfc001400bf8f019d063c7160400f5872c424d5
:100c0c001400bf8f1000b08f0a0004243a63400b0d
:040c1c001800bd27d8
:020000040000fa
:020000041d01dc
:100c200000e85d4100601b40e8febd2702601a40fd
:100c30001001bbaf44781b7c001c7b370c01baafa2
:100c400000609b40121000000401a2afd800bff763
:100c5000101800000001a3afd000bdf71210200053
:100c6000fc00a2afc800bbf710182000f800a3af2b
:100c7000c000b9f712104000f400a2afb800b7f7f7
:100c800010184000f000a3afb000b5f710186000d6
:100c9000a800b3f7a000b2f7121060009800b1f7f7
:100ca0009000b0f78800aff78000aef77800adf79e
:100cb0007000acf76800abf76000aaf75800a9f71e
:100cc0005000a8f74800a7f74000a6f73800a5f79e
:100cd0003000a4f72800a3f72000a2f71800a1f71e
:100ce0001000a0f7ec00a2afe800a3afb81c3f7c57
:100cf0000801a3af00f84244e400a2affc63400f38
:100d000000000000e400a28f00f8c244fc00a58fa0
:100d10000801a38f0401a28f1308a000f800a58f7b
:100d2000f8fc617c0001a38f1108a000f400a58fde
:100d3000d800bfd7d000bdd71310a000f000a58ffa
:100d4000c800bbd7c000b9d71110a000ec00a58f18
:100d5000b800b7d7b000b5d71318a000e800a58f2a
:100d6000a800b3d7a000b2d79800b1d79000b0d7f1
:100d70008800afd78000aed77800add77000acd771
:100d80006800abd76000aad75800a9d75000a8d7f1
:100d90004800a7d74000a6d73800a5d73000a4d771
:100da0002800a3d72000a2d71800a1d71000a0d7f1
:100db0000c01ba8f1001bb8f1300400011006000be
:100dc0001118a00002609a401801bd2700e8dd411b
:080dd00000609b401800004286
:020000040000fa
:020000041d01dc
:100dd800d0ffbd270080063c1000b0af644dd02482
:100de8000c00028e0800038e1c00b3af259880000b
:100df8002b2062001400b1af2c00bfaf2800b6afa3
:100e08002400b5af2000b4af1800b2af4000801086
:100e18002588a00008000b8effff4c2423508b016f
:100e28002b6851014200a0150000000008000e8e3a
:100e38000400148e21782e022b90f4011800401221
:100e4800644dd58c0800168e2530200225286002b6
:100e58002462400f2120b6020800188e9300042453
:100e68002598000021c83802080019ae7162400fa9
:100e7800000000002c00bf8f251060022800b68fec
:100e88002400b58f2000b48f1c00b38f1800b28fd8
:100e98001400b18f1000b08f0800e0033000bd27a8
:100ea8000800128e08001f8e2528600223b09202c7
:100eb8002120bf022462400f2530c0022330540293
:100ec8002188d10021287602253020022462400f93
:100ed8002520a00293000424080011ae7162400f7f
:100ee800259800002c00bf8f251060022800b68fbf
:100ef8002400b58f2000b48f1c00b38f1800b28f68
:100f08001400b18f1000b08f0800e0033000bd2737
:100f18000400058e0800078e21404500ffff0925c3
:100f2800235027012b685101c0ffa01100000000c9
:100f38007162400f930004242c00bf8f010013241a
:100f4800251060022800b68f2400b58f2000b48fca
:100f58001c00b38f1800b28f1400b18f1000b08f2f
:080f68000800e0033000bd2782
:020000040000fa
:020000041d01dc
:100f7000c5bf023c1c40438ce0ffbd271400b0af4e
:100f800085bf103c9cb103ae00b0048e0100062466
:100f90000800092404a4c47c00b004ae00b0058e8f
:100fa00010000b2405000d240463057c00b005ae81
:100fb00004b0088e1800b1af1c00bfaf0430287d0c
:100fc00004b008ae04b00a8e0300072404cc6a7d86
:100fd00004b00aae00b10c8e04deac7d00b10caee4
:100fe00028b00e8ec439ce7c28b00eae28b00f8e3d
:100ff0000442cf7c28b00fae28b0118e444ad17c79
:1010000028b011ae28b0188e8452d87c28b018ae03
:1010100028b0198ec45ad97c28b019ae28b01f8eba
:101020000463df7c28b01fae28b0028e446bc27c04
:1010300028b002ae28b0038e8473c37c28b003ae00
:1010400084b0048e04e6e47c84b004ae88b0058edf
:101050000420e57c88b005ae88b0088e0462e87c88
:1010600088b008ae88b0098e04a4e97c88b009aec7
:1010700088b00a8e04e6ea7c88b00aae00b0078e1b
:10108000c47bc77c00b007ae04b0068efeffc1046f
:101090000000000000b10b8e01000c24c4398b7dd0
:1010a00000b10bae00b10d8ec003ae7dfdffc011cf
:1010b0000000000008b00f8e01001124c0000424bd
:1010c000c4bd2f7e08b00fae04b0188e446b387ebe
:1010d00004b018ae8562400f000000007162400f3e
:1010e000c000042408b0198e1c00bf8f8431397ee3
:1010f00008b019ae1800b18f1400b08f0800e003db
:041100002000bd27e7
:020000040000fa
:020000041d01dc
:10110400d0ffbd271c00b3af1800b2af2c00bfaf97
:101114002800b6af2400b5af2000b4af1400b1afbf
:101124001000b0af25908000060000102598a000a4
:101134002863400f2520a00227004054000070823d
:101144000100522600005182f9ff2016ff003532bb
:101154000000708243000012bfff142425a8000081
:101164000400001025880000000070821e00001298
:101174001a00842eff0016322863400f2520c00277
:10118400f9ff4050010073262000c2361a00832e56
:10119400270060109fff5424aa63400f2520a0025b
:1011a40020ac027c1a00852e1400a0102530000209
:1011b400aa63400f2520c0022034027c1200d514fb
:1011c4002c00bf8f253811022600e01001005226a2
:1011d400dcff0010010073262000b436e5ff001682
:1011e4009fff94261a00842e13008010bfff14243e
:1011f40025b00000e8ff001025800000f2ffd510a4
:10120400253811022c00bf8f251000002800b68f4e
:101214002400b58f2000b48f1c00b38f1800b28f48
:101224001400b18f1000b08f0800e0033000bd2718
:10123400dcff001025a820022c00bf8f0100222e05
:101244002800b68f2400b58f2000b48f1c00b38f04
:101254001800b28f1400b18f1000b08f0800e003a3
:101264003000bd272c00bf8f010002242800b68f58
:101274002400b58f2000b48f1c00b38f1800b28fe8
:101284001400b18f1000b08f0800e0033000bd27b8
:020000040000fa
:020000041d01dc
:10129400880002243f00a2108900a2281a004010ee
:1012a400810002245400a2108200a22805004010ec
:1012b400800002245100a2500000e28c0800e003e8
:1012c40025100000820002243b00a2500000e28ca2
:1012d40084000224f9ffa214000000000000e28c44
:1012e400040043240000428c2700c0100000e3ac3b
:1012f4002016027c000082acc3170200040082acfa
:101304000800e00301000224a00002243600a250d9
:101314000000e28ca100a2281000401090000224da
:10132400e6ffa214000000000000e28c0700422443
:101334000410027c0000488c0400498c08004224fc
:101344000000e2ac000088ac040089ac0100c010cd
:10135400010002240800e00300000000c000022491
:101364000500a2500000e28cf0000224d3ffa21476
:10137400000000000000e28c040043240000e3ac01
:10138400020000100000428cffff423020000010d9
:10139400000082ac0000e28c040043240000428c74
:1013a4000300c0100000e3acd2ff00102014027c44
:1013b400f6ff0010ff004230070042240410027cb4
:1013c4000000488c0400498c080042240000e2ac70
:1013d400000088ac040089acdeffc01001000224c8
:1013e4000800e00300000000040043240000e3ac14
:1013f400c0ff00100000428c0000e28c0400432473
:101404000000e3ac0000428cbbffc014000082acbf
:08141400bbff0010040080acd6
:020000040000fa
:020000041d01dc
:10141c00029d023cc8ffbd272c834b242518a0033a
:10142c0030006a250000698d0400688d0800678d06
:10143c000c00668d10006b25000069ac040068acd4
:10144c00080067ac0c0066acf6ff6a15100063244c
:10145c0000006c8d04006d91ffff8e24feffcf2ddc
:10146c0000006cac0c00e01104006da00000989022
:10147c0009000013ff00a2300c00998c0400042416
:10148c001500a4105400238f0f0065907f00aa3024
:10149c0004004011ffff492483ff02240800e003ed
:1014ac003800bd27ff0028310400072dfbffe0505a
:1014bc0083ff0224029d063c048bcc240f006b900e
:1014cc008a69887d251000002570ab010f006ea085
:1014dc00f2ff0010000000000000af930100b89371
:1014ec000200b99320006fa03500a527200078a03a
:1014fc000300a227200079a000004e9001004d901f
:10150c0002004c9003004b9004004a900500499057
:10151c000600489007004790080046900900449048
:10152c000a00422420006ea020006da020006ca0b8
:10153c0020006ba020006aa0200069a0200068a0f9
:10154c00200067a0200066a0200064a0ebff45549b
:10155c0000004e900f006f907f00f831cfff001706
:10156c0083ff02240f00799001000d242510000048
:10157c00080025370f0065a002016e904408ae7d6f
:0c158c0002016ea00800e0033800bd273b
:020000040000fa
:020000041d01dc
:10159800a8ffbd274c00b1af2588c0002530a000aa
:1015a8003800a5275000b2af4800b0af5400bfaf15
:1015b80025808000c756400f2590e00008004010a5
:1015c8004000a2af251000005400bf8f5000b28f1a
:1015d8004c00b18f4800b08f0800e0035800bd27c9
:1015e8003800a68f1000a4270d4b400f25280002b5
:1015f8001c00a38f01000424390064503800a58f13
:101608002f006010020002241a0062100300052453
:10161800250065145400bf8f252020023400a5271b
:101628000056400f3800b18fe8ff40145400bf8fb8
:10163800029d063c3400a0c7dc93c1c43e080046a6
:101648002d000345c10001468d00004600100944e5
:10165800253840023000a627252820022520000230
:101668004000a2af9f51400f3000a9afd6ff001035
:101678004000a28f252020023000a5270056400fe9
:101688003800b18fd1ff40145400bf8f2538400275
:101698003000a62725282002252000029f51400f50
:1016a8004000a2af5400bf8f4000a28f5000b28ffd
:1016b8004c00b18f4800b08f0800e0035800bd27e8
:1016c800252020023000a527c64a400f3800b18fd8
:1016d800beff40145400bf8fedff001025384002b4
:1016e8002538400225302002fe5a400f25200002ee
:1016f800b6ff00105400bf8f0080083c0d1900464b
:0c17080000200744d2ff00102548e80034
:020000040000fa
:020000041d01dc
:10171400d0ffbd270080063c1000b0af844dd0241c
:101724000c00028e0800038e2c00bfaf2800b6af59
:101734002b3862002400b5af2000b4af1c00b3af57
:101744001800b2af3b00e0101400b1af08000d8eda
:10175400ffff4e242360cd012b7885013e00e01568
:101764002c00bf8f259080000800048e0400148e86
:101774002588a0002198a4002bb074021400c01284
:10178400844dd58c0800188e2530a00025284002f1
:101794002462400f2120b8020800058e2c00bf8f60
:1017a4002510000021c82502080019ae2800b68fb4
:1017b4002400b58f2000b48f1c00b38f1800b28fa3
:1017c4001400b18f1000b08f0800e0033000bd2773
:1017d4000800138e08001f8e2528400223b09302b0
:1017e4002120bf022462400f2530c002233074023e
:1017f4002188d10021285602253020022462400f7e
:101804002520a0022c00bf8f080011ae2510000077
:101814002800b68f2400b58f2000b48f1c00b38f2e
:101824001800b28f1400b18f1000b08f0800e003cd
:101834003000bd270400088e0800098e215048009e
:10184400ffff4b25236069012b788501c6ffe0115a
:10185400259080002c00bf8f010002242800b68f41
:101864002400b58f2000b48f1c00b38f1800b28ff2
:101874001400b18f1000b08f0800e0033000bd27c2
:020000040000fa
:020000041d01dc
:10188400880002243c00a2500000e28c8900a228b7
:1018940019004010810002244000a2500000e28c94
:1018a4008200a22805004010800002244800a250b3
:1018b4000000e28c0800e0032510000082000224ee
:1018c4001500a21084000224faffa21400000000f4
:1018d4000000e28c0000838c040044240000e4ac8b
:1018e4000000428c000043a40100c0100100022447
:1018f4000800e00300000000a00002241800a25029
:101904000000e28ca100a2280e00401090000224e6
:10191400e8ffa214000000000000e28c2800c010c0
:10192400040043240000e3ac0400858c0000848c94
:101934000000428c000044ac040045ac0800e00305
:1019440001000224c00002240500a2500000e28c21
:10195400f0000224d7ffa214000000000000e28c73
:101964000000838c040044240000e4ac0000428c9a
:10197400f2ff0010000043ac0000838c04004424f8
:101984000000e4ac0000428c000043a0d8ffc0106b
:10199400010002240800e003000000000000838c22
:1019a400040044240000e4ac0000428c000043ac7a
:1019b400cfffc010010002240800e0030000000073
:1019c4000400858c0000848cd9ff00100000e3ac77
:1019d4000000838c040044240000e4ac0000428c2a
:1019e400000043ac010002240800e00300000000f2
:020000040000fa
:020000041d01dc
:1019f400e0ffbd271800b1af0180113c1400b0af67
:101a0400029d023cb8b13026040001c6cc9340c408
:101a140032080046120001451c00bfaff505043c26
:101a24000100032400e1853425300000040000e6b1
:101a3400b8b123a2080005ae6463400f0c0006aee3
:101a44000800078e0c00088e2148e2002b50270165
:101a54002158030121604b01100009ae14000caea3
:101a6400b8b12d920600a015000000001c00bf8f25
:101a74001800b18f1400b08f0800e0032000bd27c8
:101a84006463400f0000000014000e8e2bc06e0033
:101a9400f6ff001710000f8e2c00c3112bc84f0047
:101aa40008001f8e0c00118e2130ff012b20cf0067
:101ab4002128d101213885002b40e30014000011b6
:101ac40021505f002b10420121187100215843005e
:101ad40010000aae4c63400f14000bae1600401405
:101ae400019d103c8f64400f00000000e0ff401097
:101af4001c00bf8f1800b18f1400b08f019d0c3ce7
:101b040025284000c07984250651400b2000bd27bc
:101b140005006754100006ae2b48c200e9ff2015eb
:101b240021505f00100006ae4c63400f140007ae56
:101b3400ecff4010019d103c252840000651400f49
:101b440098790426e7ff001000000000d5ff205319
:0c1b540008001f8ec6ff00101c00bf8f91
:020000040000fa
:020000041d01dc
:101b60004f4b0000496e76616c69642073796e7426
:101b700061780000556e65787065637465642074e3
:101b8000797065004d697373696e67206f626a656d
:101b9000637420656e6400004d697373696e67201d
:101ba000617272617920656e640000004d69737323
:101bb000696e6720636f6d6d610000004d6973731e
:101bc000696e67206b6579004d697373696e672074
:101bd000636f6c6f6e0000004d697373696e6720f0
:101be000737472696e6720656e6400005374726965
:101bf0006e6720746f6f206c6f6e6700496e766140
:101c00006c696420737472696e67206368617261c5
:101c10006374657200000000496e76616c6964202f
:101c2000737472696e672065736361706520736594
:101c30007175656e63650000496e76616c6964203c
:101c4000737472696e67206865782065736361706c
:101c5000652073657175656e63650000556e616220
:101c60006c6520746f207061727365207374726983
:101c70006e672068657820657363617065207365a1
:101c80007175656e63650000496e76616c696420ec
:101c90006e756d62657220666f726d617400000012
:101ca0004e756d62657220746f6f206c6f6e670089
:101cb000556e61626c6520746f207061727365206f
:081cc0006e756d626572000093
:020000040000fa
:020000041d01dc
:101cc800c0ffbd272c00b1af258880002520c000ab
:101cd8000400878c0000a28c3800b4afc2a70700ac
:101ce8003400b3af3000b2af2800b0af3c00bfaf94
:101cf8002580a0000400a38c0800b28c2000a2afad
:101d08000c00b38c3e0080120000c68c2330060005
:101d18002b20060023380700080060042338e4005d
:101d28004408027c050080162000a2af2000a28f84
:101d3800040043302a006010c000427cffff4226a6
:101d48002000a3271800a3af0a0003241400a3afa0
:101d58001000a2af2548400f25200002060080167b
:101d68002d0003242000a38f040064301e0080107f
:101d7800080063302b000324ffff42242120620265
:101d8800000083a01000068e2000a38f2538400293
:101d9800ffffc6241000a3af2330c200212862022f
:101da800a54d400f252020020400238e000163303a
:101db800040060103c00bf8f0400038e2a204300fb
:101dc8000b1064003800b48f3400b38f3000b28f2a
:101dd8002c00b18f2800b08f0800e0034000bd2719
:101de800d7ff001023104202e6ff601020000424f1
:101df800ffff422421186202e2ff0010000064a0e5
:101e0800c8ff63044408027cc9ff00102000a28fa9
:020000040000fa
:020000041d01dc
:101e1800e0ffbd271c00bfaf1800b0af3400a89387
:101e2800140080143800a98f0400cb8c0000ca8ce1
:101e38000800c38c0180043c00a00c3cf4b0822450
:101e4800b0408d2504000624340040ac28004bac7b
:101e5800380040ac2c004aac300043ac3c0040aced
:101e68001600061140004dac050007240500075177
:101e7800030038911c00bf8f1800b08f0800e003e2
:101e88002000bd27020026910200192403001f33f9
:101e98001800f913c241060003000b24f6ffeb17e4
:101ea8001c00bf8f40500800211848014020030043
:101eb80014008c241400001021804c0005002e9181
:101ec80002000f240600cf11f4b085ac0a000524e7
:101ed800e8ffc551040047a0e7ff00101c00bf8fb2
:101ee80006003091e3ff0e52120047a0e2ff0010f7
:101ef8001c00bf8f01000d2540700d002178cd0119
:101f080040380f0021804700050022912520a000bd
:101f180004002591000006a20300299100c20200d6
:101f280025c805031000b9af03002731020019a620
:101f38001260400f252800001c00bf8f01000624f6
:101f4800040006a21800b08f0800e0032000bd2797
:020000040000fa
:020000041d01dc
:101f5800d0ffbd272800b5af0800b58c2400b4af6a
:101f68002000b3af1c00b2af1800b1af2c00bfaf58
:101f78001400b0af258880002590c0001000b48cf4
:101f88005056400f0c00b38c0100a052ffff95265d
:101f98000000438e2580000021186200000043ae37
:101fa8002a1015021d004010ffff82262a10020287
:101fb8001b004050218070023c00228e4c00238e72
:101fc8002b1843000e006010010043243c0023ae90
:101fd80000004290d5ff43244408037c2518700074
:101fe8001a006014d0ff4324000062a20000428e51
:101ff8000100102401004224e9ff0010000042ae55
:102008000454400f25202002ffff0324f2ff43540d
:10201800d5ff4324050000122c00bf8f21807002d9
:10202800000000a2251000002c00bf8f2800b58feb
:102038002400b48f2000b38f1c00b28f1800b18f1a
:102048001400b08f0800e0033000bd270a00632c9d
:1020580008006054211870024c00228ef0ff405096
:10206800218070023c00228effff4224ebff00100b
:102078003c0022ae000062a00000428e0100102643
:0c20880001004224c6ff0010000042ae20
:020000040000fa
:020000041d01dc
:102094000400828cc0ffbd273800beaf2800b4af57
:1020a4002000b2af1c00b1af3c00bfaf3400b7afeb
:1020b4003000b6af2c00b5af2400b3af1800b0affa
:1020c4002588c0002590e0005400b48f020041042c
:1020d4005800be8f010002241000908c0c00958cd7
:1020e4000000d78f5000b38fffff10262118b002d5
:1020f400000060a001000924234053000200f732cd
:10210400c3b714001000001e251032022c00205109
:102114000000c28f3c00bf8f251000023800be8f24
:102124003400b78f3000b68f2c00b58f2800b48fe1
:102134002400b38f2000b28f1c00b18f1800b08f21
:102144000800e0034000bd270700401421101301dc
:102154000600401c25202002ecff601a000000004d
:10216400eaffe0120000000025202002252840029a
:10217400253080022538c0021400a8af4b2c400f34
:10218400ffff10261000a2af2118b0023000422435
:102194002520200225284002000062a0253080026c
:1021a4005c2b400f2538c002ffff732625884000b2
:1021b400259060001400a88fd2ff00101000a98f92
:0c21c4000421027cd3ff00100000c2af19
:020000040000fa
:020000041d01dc
:1021d0004b008014000000004900a0100000000027
:1021e0002000a68c4600c0100180033ce0ffbd2704
:1021f0001400b1af54ad71240300249254ad629425
:102200001800b2af0410047c030024a22400a88ca0
:102210001800a7941c00b28c3000a98c2c00aa9442
:102220000431027d7efa05241c00bfaf245845000e
:1022300001800e3c019d183c019d1f3c01000c24b7
:102240001000b0af01006d35400010240c0026ae28
:1022500078adcf2564f61927e84de6278c0030ae1f
:1022600008002cae180020a6100027a6140032aedd
:10227000c00020ae88002fae98002cae900020ae9b
:10228000940039ae9c0031ae700026ae780031aebd
:1022900074002cae54ad6da4dc0020aef40029ae69
:1022a000f8002aa60f00e010258000001000438ee1
:1022b00006006010140052261000648c0400805048
:1022c0001000229609f880000000000010002296fd
:1022d00001000826ff0010312b380202f4ffe05401
:1022e0001000438e1c00bf8f251000001800b28f15
:1022f0001400b18f1000b08f0800e0032000bd274c
:082300000800e003ffff0224c6
:020000040000fa
:020000041d01dc
:10230800d0ffbd272400b4af2000b3af1800b1af91
:102318002c00bfaf2800b5af1c00b2af1400b0af9f
:1023280025a080000000918c070000102598a000cf
:102338002863400fff0004321000405400007282ee
:1023480001003126000091ae00003082f8ff00162f
:1023580000000000000072820b0040122c00bf8faa
:10236800ff0055322863400f2520a0020f004014bb
:10237800000000000100732600007282f9ff401679
:10238800ff0055322c00bf8f010002242800b58fb2
:102398002400b48f2000b38f1c00b28f1800b18fb7
:1023a8001400b08f0800e0033000bd2716000012ab
:1023b800ff000432200082349fff43241a00652c5a
:1023c8000500a0502000a436aa63400f00000000ba
:1023d8002084027c2000a4369fff86241a00c72c84
:1023e8000400e01000000000aa63400f2520a002ae
:1023f8002094027c0400501601003126000091aea2
:10240800d1ff0010010073262c00bf8f251000009b
:102418002800b58f2400b48f2000b38f1c00b28f22
:102428001800b18f1400b08f0800e0033000bd27fa
:020000040000fa
:020000041d01dc
:10243800d8ffbd272000b3af1c00b2af1800b1af62
:102448001400b0af2400bfaf259880006463400f2c
:102458002590a000252040002530000025380000e8
:1024680025286000258040008a61400f258860008b
:102478002e004018000090440000f144e100a046fe
:10248800029d093ca89124d5029d083cb09105d530
:10249800821924463e282646110003450132254666
:1024a800c931204600380c4400386e4423786c0249
:1024b8002bc06f0223c84e0223f838039c809fafbd
:1024c8002400bf8f2000b38f1c00b28f1800b18f7b
:1024d8001400b08f98808faf0800e0032800bd2754
:1024e80000800d3c1800b18f1400b08f494220467f
:1024f80000480a4400486b442560400123786c0278
:102508002670ab012bc06f0223c84e0223f8380394
:102518009c809faf2400bf8f2000b38f1c00b28f18
:1025280098808faf0800e0032800bd27c02711005e
:102538004210100001000532253082002538a6001f
:1025480000088744421811000008e344a108a04687
:08255800cbff0010c010224669
:020000040000fa
:020000041d01dc
:10256000d0ffbd270080073c1800b1af944df12487
:102570001400b0af0800308e0c00228e2c00bfafcc
:102580002800b5af2b1802022400b4af2000b3af6f
:102590003a0060101c00b2af0400288e0c00298e97
:1025a0002150080223804901190000122c00bf8f1e
:1025b0000c002c8e255880000400338e2b20b00098
:1025c0000b80a400212890012b68b3001900a015ee
:1025d000944df48c0c00328e0c00388e2520600156
:1025e00023a87202212898022462400f2530a002fd
:1025f00023c8530221983003253060022528800229
:102600002462400f212055000c0033ae2c00bf8ff8
:10261000251000022800b58f2400b48f2000b38f4e
:102620001c00b28f1800b18f1400b08f0800e003b7
:102630003000bd270c002e8e2530000225206001c1
:102640002462400f21288e020c002f8e2c00bf8f99
:102650002510000221900f020c0032ae2800b58f29
:102660002400b48f2000b38f1c00b28f1800b18fec
:102670001400b08f0800e0033000bd270c00268e48
:08268000c9ff001023800602cf
:020000040000fa
:020000041d01dc
:10268800b8ffbd274000b1af3c00b0af2588c000ff
:102698002580a0002530e000252880004400bfaf39
:1026a8000d4b400f1800a4272400a28f010003241b
:1026b800130043102000a78f2900401002000a24ad
:1026c80019004a1003000d2409004d144400bf8f5f
:1026d8002000af8f029d0e3cec8dc6250000e78dd3
:1026e800252820024363400f252000024400bf8fa5
:1026f8004000b18f3c00b08f0800e0034800bd27c0
:10270800029d063c25282002252000024363400f35
:10271800e08dc6244400bf8f4000b18f3c00b08fcd
:102728000800e0034800bd272000ac8f029d0b3c49
:1027380025282002000080c525200002e88d662596
:10274800610000464363400f1000a1f74400bf8fab
:102758004000b18f3c00b08f0800e0034800bd275f
:102768002000a48f000085900d00a014029d083c55
:10277800029d073cd88de724029d093c25282002ac
:10278800252000024363400fd89326254400bf8fbd
:102798004000b18f3c00b08f0800e0034800bd271f
:0827a800f5ff0010d08d07259c
:020000040000fa
:020000041d01dc
:1027b0000100c290e8ffbd271000b0af1400bfaf0a
:1027c00025808000100040140400c590f400888c1f
:1027d0001c00848c3400028d09f84000bc0000a667
:1027e000bc000496bc000526020006240400447cbc
:1027f000bc0004a61400bf8f252000021000b08f7b
:102800003455400b1800bd27010003241700431066
:1028100003000724260047500300cb900c0005243a
:1028200005004550ffff86241400bf8f1000b08fb5
:102830000800e0031800bd27feffc82cfbff0011b5
:102840001400bf8fe4008990f8ff20118000052458
:10285000f4008a8c1c00848c2800598dc40000a2ce
:102860001000b08f080020031800bd270300d89087
:102870000200df90001a180025387f00ebffe014fb
:102880001400bf8ff400868c1c00848c2c00c28c3a
:1028900009f8400000000000252000021400bf8f4e
:1028a0001000b08f252800007259400b1800bd277a
:1028b0000200cc90006a0b002570ac01dbffc01554
:1028c0001400bf8ff4008f8c1c00848cf0ff00106c
:0428d0002800e28d6d
:020000040000fa
:020000041d01dc
:1028d40025732072656365697665206572726f720f
:1028e4002e204e6f742061204a534f4e206f626a2f
:1028f4006563742e000000002573207265636569aa
:102904007665206572726f722e20556e61626c65f9
:102914002061626c6520746f207061727365206b36
:1029240065792e2025732e002573207265636569f1
:102934007665206572726f722e20556e61626c65c9
:102944002061626c6520746f2070617273652076fb
:10295400616c75652e2025732e000000257320728e
:10296400656365697665206572726f722e204a53bd
:102974004f4e206f626a656374206973206e6f74b2
:1029840020612073696e676c65206b65792f7661b1
:102994006c756520706169722e000000257300005b
:1029a400526561642d6f6e6c790000007b22657244
:1029b400726f72223a222573227d0000656e756d56
:1029c400657261746500000025690000556e6162de
:1029d4006c6520746f20706172736520696e646524
:1029e40078000000556e6b6e6f776e20636f6d6daf
:0429f400616e6400ac
:020000040000fa
:020000041d01dc
:1029f800d8ffbd271c00b1af2588a0001000a5276f
:102a08002000b2af1800b0af2400bfaf258080000f
:102a18004836400f2590c0001000a38f25104300b2
:102a28002d004014253800002530400225282002ba
:102a3800211e400f25200002220040142400bf8fd1
:102a48000000088e00000c81f7ff8425ff00853008
:102a58001800a72c1600e0108000063c010009248d
:102a68001300c3240450a9002458430101000d2574
:102a7800050060150100042420000010070002244e
:102a88001d00e0532400bf8f00000dae0000ac8194
:102a98002540a0010100ad25f7ff8e25ff00cf31ad
:102aa80004c0e4011800f92df5ff201724f80303ea
:102ab8003a0011240f00911501001225000012aef2
:102ac8002400bf8f2000b28f1c00b18f1800b08f78
:102ad8000800e0032800bd272400bf8f0600022459
:102ae8002000b28f1c00b18f1800b08f0800e003df
:102af8002800bd272400bf8f070002242000b28fc2
:102b08001c00b18f1800b08f0800e0032800bd2713
:020000040000fa
:020000041d01dc
:102b1800c0ffbd273800b3af2598a0002000a52727
:102b28003400b2af2c00b0af3c00bfaf3000b1af43
:102b38004836400f259080001a0040142580400038
:102b48002000a38f040002241e0062147565073c50
:102b58000000518e7472e824040006241800a5278a
:102b6800252020021800a8af325f400f1c00a0a348
:102b7800210040106c73093c66612a2565000b240e
:102b8800050006241000a527252020021000aaaf62
:102b9800325f400f1400aba7130040100500242635
:102ba800010010243c00bf8f251000023800b38fad
:102bb8003400b28f3000b18f2c00b08f0800e003d2
:102bc8004000bd273c00bf8f0200102425100002e2
:102bd8003800b38f3400b28f3000b18f2c00b08f23
:102be8000800e0034000bd27eeff6012000044ae7d
:102bf800ecff0010000060a204002526e9ff601227
:102c0800000045ae3c00bf8f0100062425100002dd
:102c1800000066a23400b28f3800b38f3000b18f45
:0c2c28002c00b08f0800e0034000bd2726
:020000040000fa
:020000041d01dc
:102c3400029d0c3c029d0b3c801806002510800070
:102c4400588c68257c8c84250900c72c0a70837ce9
:102c54003b00e0100a78037d019d093c702c2a2575
:102c64000a68437d0800a001000000000c2d019dae
:102c7400142d019d1c2d019d242d019d2c2d019da4
:102c8400342d019d3c2d019d942c019d042d019d0d
:102c94009000b824029d193c029d0c3c029d0b3c03
:102ca400029d073c029d043c348c2827108c892506
:102cb400ec8b79257892ec246c9287240a50037d5e
:102cc4000a68237d8a59867d8a21e67c0a18237f37
:102cd4009400c6242128a60000004eac04004fac8a
:102ce400080058ac0c004aac10004dac140043acc6
:102cf40018004ba0190044a00800e0031c0045acd8
:102d0400e4ff00109100b824e2ff00101400b8247e
:102d1400e0ff00103400b824deff00104400b824a3
:102d2400dcff00106400b824daff00108400b8242b
:102d3400d8ff00108800b824d6ff00108c00b824f7
:082d4400d4ff001025c00000bf
:020000040000fa
:020000041d01dc
:102d4c0073657269616c5f6e756d6265720000000f
:102d5c0068617264776172655f76657273696f6eb4
:102d6c00000000006669726d776172655f7665724e
:102d7c0073696f6e000000006465766963655f6e51
:102d8c00616d6500686967685f706173735f666920
:102d9c006c746572000000007468726573686f6c07
:102dac0064000000686f6c646f66660073656e6427
:102dbc005f6164635f6461746100000062696e61ed
:102dcc0072795f6d6f64650053657269616c204e3a
:102ddc00756d62657200000048617264776172659e
:102dec002056657273696f6e000000004669726d43
:102dfc00776172652056657273696f6e0000000012
:102e0c00446576696365204e616d65004869676845
:102e1c002d706173732046696c746572000000003c
:102e2c005468726573686f6c64000000486f6c6462
:102e3c006f66660053656e642041444320446174a0
:102e4c006100000042696e617279204d6f6465000b
:020000040000fa
:020000041d01dc
:102e5c00000102040703060500000000ffffffff4e
:102e6c00ffffffffffffffffffffffffffffffff66
:102e7c00ffffffffffffffffffffffffffffffff56
:102e8c00ffffffffffffffffffffffffff00010240
:102e9c0003040506070809ffffffffffffff0a0bee
:102eac000c0d0e0f101112131415161718191a1bde
:102ebc001c1d1e1f20212223ffffffffffff0a0bfb
:102ecc000c0d0e0f101112131415161718191a1bbe
:102edc001c1d1e1f20212223fffffffffffffffff2
:102eec00ffffffffffffffffffffffffffffffffe6
:102efc00ffffffffffffffffffffffffffffffffd6
:102f0c00ffffffffffffffffffffffffffffffffc5
:102f1c00ffffffffffffffffffffffffffffffffb5
:102f2c00ffffffffffffffffffffffffffffffffa5
:102f3c00ffffffffffffffffffffffffffffffff95
:102f4c00ffffffffffffffffffffffffffffffff85
:102f5c00ffffffffffffffffffffffffff00000072
:020000040000fa
:020000041d01dc
:102f6c00e0ffbd271800b1af1400b0af1c00bfaf1d
:102f7c006463400f00000000252040002530000055
:102f8c002538000025286000258040008a61400f0c
:102f9c00258860002a004018000090440000f1448d
:102fac00e100a046029d093ca89124d5029d083c55
:102fbc00b09105d5821924463e2826460f000345bc
:102fcc0001322546c931204698808f8f00380c4439
:102fdc009c80998f00386e4421108f0121f8d90103
:102fec002bc04c0021181f031c00bf8f1800b18f81
:102ffc001400b08f0800e0032000bd2798808f8f4d
:10300c009c80998f00800d3c4942204600480a4420
:10301c0000486b442560400121108f012670ab01e4
:10302c0021f8d9012bc04c0021181f031c00bf8fa5
:10303c001800b18f1400b08f0800e0032000bd27ea
:10304c00c02711004210100001000532253082000b
:10305c002538a60000088744421811000008e344f4
:0c306c00a108a046cfff0010c0102246b3
:020000040000fa
:020000041d01dc
:103078000080033c544d62240400478c544d698cf5
:1030880082bf063c010008241020c48c0100853052
:103098002500a814000000000c004a8c08004b8c86
:1030a8002b606a0122008011000000000800598c82
:1030b800ffff432523c07900230000130000000010
:1030c8003020c58c0c004a8c0800448c2b588a0090
:1030d80025006011000000000800588cffff5925ea
:1030e80023783803e8ffe011000000000800438c53
:1030f800ff00a53021502301000045a10800448ca1
:1031080001008b242b60670108004bacdeff8015a3
:1031180000000000080040ac1020c48c010085307d
:10312800ddffa810000000008562400b7100042438
:1031380008004d8c21704701ffffcf2523c0ed010a
:10314800dfff001700000000e8ffbd271400bfaf35
:103158007b62400f710004241400bf8f71000424a7
:103168008562400b1800bd2708004c8c2168ea00d6
:0c317800ffffae25dbff00102378cc0128
:020000040000fa
:020000041d01dc
:103184000080033c744d62240400478c744d698ca8
:1031940082bf063c010008241022c48c0100853043
:1031a4002500a814000000000c004a8c08004b8c79
:1031b4002b606a0122008011000000000800598c75
:1031c400ffff432523c07900230000130000000003
:1031d4003022c58c0c004a8c0800448c2b588a0081
:1031e40025006011000000000800588cffff5925dd
:1031f40023783803e8ffe011000000000800438c46
:10320400ff00a53021502301000045a10800448c93
:1032140001008b242b60670108004bacdeff801596
:1032240000000000080040ac1022c48c010085306e
:10323400ddffa810000000008562400b920004240a
:1032440008004d8c21704701ffffcf2523c0ed01fd
:10325400dfff001700000000e8ffbd271400bfaf28
:103264007b62400f920004241400bf8f9200042458
:103274008562400b1800bd2708004c8c2168ea00c9
:0c328400ffffae25dbff00102378cc011b
:020000040000fa
:020000041d01dc
:10329000e0ffbd271000b0af82bf103c1c00bfafe5
:1032a0001800b2af1400b1af145c400f259080003d
:1032b0000010028e0100112403000a244429227efa
:1032c000001002ae0010038e0484237e001003aeb3
:1032d0000010048e444a247e001004ae0010058eb7
:1032e0000400468e8431c57c001005ae0010078ea8
:1032f0000800488e0442077d001007ae0010098eba
:103300008418497d001009ae00100b8e04082b7e36
:1033100000100baede5b400f0000448e301002ae9a
:1033200000100c8e81bf0d3c7010ae25c47b2c7e2e
:1033300000100cae0010af956f0019242010182655
:10334000c47b2f7e0010afa50100d9a17010b28df3
:1033500000e0107f1c00bf8f0421327e7010b2ade0
:10336000a010b0adc010b1adf010b1ad8010a28d05
:103370001800b28f1000b08fc49c227e1400b18f51
:10338000860004242000bd278010a2ad7162400b8e
:043390000000000039
:020000040000fa
:020000041d01dc
:10339400e0ffbd271400b1afffff11241c00bfaf35
:1033a4001800b2af230091101000b0af40800400a9
:1033b4002110040280180200232064000180063cce
:1033c4004029040054adc7242180a7000800088eba
:1033d400190000591c00bf8fdc00098e1b0020114e
:1033e40001000d2414002d151c00bf8f100012962f
:1033f400120040521800b28f1400118e2580000074
:1034040010002e8e0700c011010018260c00cf8d6d
:103414000500e051ff00103309f8e001080024968c
:1034240001001826ff0010332bc81202f4ff2017e6
:10343400140031261c00bf8f1800b28f1400b18f06
:103444001000b08f0800e0032000bd27f4000a8eae
:10345400f80004960000528d09f840020f0005247c
:10346400f4ff51101c0002ae1c00bf8f01000b249e
:1034740002000c24dc000bae08000cae1800b28f66
:103484001400b18f1000b08f0800e0032000bd27a6
:020000040000fa
:020000041d01dc
:10349400b8ffbd272400b0afb400908c4400bfaf88
:1034a4004000b7af3c00b6af3800b5af3400b4af9e
:1034b4003000b3af2c00b2af2800b1af03001492b8
:1034c40002000292001a140025a062002500801256
:1034d40025a880002590000025b0000025b8000034
:1034e40015000010258800002538e0020c00401269
:1034f4002528a0021000488e0a0000510000059201
:103504000c00468e080044961800b0af1400b3af08
:103514001000b6af0000098d09f82001000000007a
:103524000000059221882502ffff31322b3034023e
:103534000c00c01021800502010013920400042431
:10354400eaff64162538e002020017922528a0023b
:10355400030016929359400f2520e002e2ff001069
:10356400259040004400bf8f4000b78f3c00b68fc9
:103574003800b58f3400b48f3000b38f2c00b28f75
:103584002800b18f2400b08f0800e0034800bd2755
:020000040000fa
:020000041d01dc
:10359400c0fdbd274c02a2272c02b0af1001b027fa
:1035a4003802b3af3402b2af2598a0002590800052
:1035b4004c02a7af00010524253840002520000255
:1035c4003c02bfaf3002b1af0152400f2002a2afa4
:1035d40025286002244e400f2520400225200002a9
:1035e4001402a3af1002a2afec61400f1802b0aff7
:1035f400b364400f1c02a2af7d0043901000b127ba
:103604001002a627000105241d00601025202002b9
:103614008f22400f00000000258040009864400f76
:10362400000000000c004050258000003260400f74
:1036340000000000000404262b2844000600a01407
:1036440025280002c545400f252020020300401410
:103654008c80868f258000008c80868f3c02bf8ff3
:103664003802b38f2138d0003402b28f3002b18fc8
:103674002c02b08f8c8087af0800e0034002bd2786
:103684003a51400f00000000e4ff00102580400084
:020000040000fa
:020000041d01dc
:10369400c0ffbd272c00b3af5000b38f3800b6afc6
:1036a4003000b4af010073322800b2af2400b1afd0
:1036b4002000b0af3c00bfaf3400b5af2590800010
:1036c40025b0a0002580c0002588e0000300601616
:1036d4002ba0c7001300805623a03002253000021f
:1036e4002528c0023c58400f252040020d008016ba
:1036f40023a03002258800023c00bf8f2510200241
:103704003800b68f3400b58f3000b48f2c00b38fdf
:103714002800b28f2400b18f2000b08f0800e0038e
:103724004000bd271100862e100002240b108602d3
:1037340025304000200005241000a427ad62400f6e
:1037440025a880021000a22e0b0040100f00863224
:103754001000a5273c58400f25204002e6ff6016c4
:10376400253000022528c0023c58400f2520400285
:10377400e2ff00103c00bf8f100006241000a527b4
:103784003c58400f25204002eeff0010f0ffb52604
:020000040000fa
:020000041d01dc
:10379400e0ffbd271400b0af258080002520a000e5
:1037a400252800021800b1af1c00bfaf9359400f89
:1037b4002588c0001c004050ffff02261000468ce4
:1037c4000e00c050e800198e0800d98c0a0020139e
:1037d4002530200208004494d80019aed00004a675
:1037e4001c00bf8f1800b18f1400b08f0e00052489
:1037f400080020032000bd27e800198e1800079652
:10380400e000088e01000924d80019ae1600091141
:10381400d00007a61c00bf8f1800b18f1400b08f12
:103824000800e0032000bd27feff432cfaff6010d0
:103834001c00bf8fe4000492f8ff80101800b18fc1
:10384400f400058e1c00048ec40000a22800b98c6c
:103854001c00bf8f1800b18f1400b08f80000524a6
:10386400080020032000bd27eaff2013252820029a
:10387400ec00068e1c00bf8f1800b18f1400b08faf
:0c3884000e000424080020032000bd27d3
:020000040000fa
:020000041d01dc
:10389000e0ffbd2725300000253800001800b1af3b
:1038a0001400b0af1c00bfaf258080008a61400fbc
:1038b0002588a0002a004018000090440000f14430
:1038c000e100a046029d093ca89124d5029d083c38
:1038d000b09105d5821924463e2826460f0003459f
:1038e00001322546c931204698808f8f00380c441c
:1038f0009c80998f00386e4421108f0121f8d901e6
:103900002bc04c0021181f031c00bf8f1800b18f63
:103910001400b08f0800e0032000bd2798808f8f2f
:103920009c80998f00800d3c4942204600480a4403
:1039300000486b442560400121108f012670ab01c7
:1039400021f8d9012bc04c0021181f031c00bf8f88
:103950001800b18f1400b08f0800e0032000bd27cd
:10396000c0271100421010000100053225308200ee
:103970002538a60000088744421811000008e344d7
:0c398000a108a046cfff0010c010224696
:020000040000fa
:020000041d01dc
:10398c00e0ffbd271800b2af259080001000b0af4b
:10399c001c00bfafc45a400f1400b1af04004292d8
:1039ac000500401082bf103c002004960200032446
:1039bc00044a647c002004a6100045920800a01064
:1039cc000000000000200696010007240421e67c7c
:1039dc00002006a61020088e446be87c102008ae50
:1039ec000020099608004a8e0100112402001824b8
:1039fc004410497d002009a600200b960c004c8e2b
:103a0c0004008b7d00200ba600200d96c4182d7e83
:103a1c0000200da610200e8e84392e7e10200eaea6
:103a2c0010200f8e847b0f7f10200fae1020198e6c
:103a3c000463397e102019ae10201f8e84523f7ef5
:103a4c0010201faea75a400f0000448e402002ae3b
:103a5c00002012961c00bf8f71000424c47b327ea0
:103a6c00002012a61400b18f1800b28f1000b08f76
:083a7c007162400b2000bd2720
:020000040000fa
:020000041d01dc
:103a8400e0ffbd271800b2af259080001000b0af52
:103a94001c00bfafe15a400f1400b1af04004292c2
:103aa4000500401082bf103c00220496020003244b
:103ab400044a647c002204a6100045920800a01069
:103ac4000000000000220696010007240421e67c81
:103ad400002206a61022088e446be87c102208ae51
:103ae4000022099608004a8e0100112402001824bd
:103af4004410497d002209a600220b960c004c8e2e
:103b040004008b7d00220ba600220d96c4182d7e86
:103b140000220da610220e8e84392e7e10220eaea7
:103b240010220f8e847b0f7f10220fae1022198e6d
:103b34000463397e102219ae10221f8e84523f7ef8
:103b440010221faea75a400f0000448e402202ae3e
:103b5400002212961c00bf8f92000424c47b327e84
:103b6400002212a61400b18f1800b28f1000b08f7b
:083b74007162400b2000bd2727
:020000040000fa
:020000041d01dc
:103b7c000000a28c0400a38cc0ffbd273800b3af9b
:103b8c003400b2af3000b1af2c00b0af3c00bfafcf
:103b9c00259080002580a0000800b38c2000a2afe7
:103bac00030060040c00b18c4408027c2000a2af1e
:103bbc002000a2271800a2af080002241400a2af14
:103bcc001000b3af0400c78c0000c68c2548400f12
:103bdc00252000022000a38f100063300400601029
:103bec0030000424ffff422421182202000064a0ac
:103bfc002000a38f08006330040060102000042410
:103c0c00ffff422421182202000064a01000068e3f
:103c1c002000a38f25386002ffffc6241000a3af3d
:103c2c002330c20021282202a54d400f252040023e
:103c3c000400438e00016330040060103c00bf8f11
:103c4c000400038e2a2043000b1064003800b38f4d
:103c5c003400b28f3000b18f2c00b08f0800e0031d
:043c6c004000bd2730
:020000040000fa
:020000041d00dd
:100010003800801400000000e0ffbd270180023c92
:100020001400b0aff4b050240a0003921800b1af2e
:100030001c00bfaf26006014f4b0518c1000049275
:100040001b0080140180063c180007921000e01489
:100050000180083c1e000992060020152520200280
:100060001c00bf8f1800b18f1400b08f0800e00390
:100070002000bd271c00bf8f1800b18f1400b08f67
:1000800001800a3c0eb14525795f400b2000bd2759
:1000900008b10525795f400f252020021e00099236
:1000a000f0ff20111c00bf8ff3ff0010252020025d
:1000b00000b1c524795f400f252020021800079267
:1000c000e5ffe0501e000992f1ff00100180083c9e
:1000d0000180053c25202002795f400ffab0a5245d
:1000e00010000492d9ff805018000792f0ff001012
:0c00f0000180063c0800e0030000000056
:020000040000fa
:020000041d01dc
:103c7000e0ffbd271000b0af808004001400b1af9a
:103c800025888000212004028010040023185100a0
:103c9000802803001800b2af2130b1000180123c2f
:103ca00080380600b4ae5226212047025800888c86
:103cb000010009241c00bfaf12000011020089a0fe
:103cc00001000b2412000b112160110280680c000e
:103cd0002370b10180780e0021c0f10180c8180066
:103ce00021f859026400e48f0200e0a31800b28fab
:103cf0001c00bf8f1400b18f1000b08f8562400b85
:103d00002000bd275d008a90f0ff40112160110264
:103d1000c833400f000000002160110280680c00d1
:103d20002370b10180780e0021c0f10180c8180015
:103d300021f859026400e48f0200e0a31800b28f5a
:103d40001c00bf8f1400b18f1000b08f8562400b34
:043d50002000bd276b
:020000040000fa
:020000041d01dc
:103d5400840002242200a2500000e28c8500a228e4
:103d640010004010810002240800a2500000e28ce0
:103d7400820002242700a2500000e28c800002246a
:103d84001000a214000000000000e28c0400432490
:103d94000000e3ac0000428c000082ac150000106f
:103da400000046ac900002241a00a2500000e28ced
:103db4009100a22805004010880002240f00a250a0
:103dc4000000e28c0800e00325100000a00002249b
:103dd400eeffa2500000e28ce9ff0010c0000224b4
:103de400040043240000e3ac0000428c000082acd9
:103df400000046a40800e003010002240400432458
:103e04000000e3ac0000428c000082acf9ff00101b
:103e1400000046a0040043240000e3ac0000428cf0
:103e2400000082ac000046acc3370600f1ff00106e
:043e3400040046ac94
:020000040000fa
:020000041d01dc
:103e3800a8ffbd270400a1af0800a2af0c00a3afe4
:103e48001000a4af1400a5af1800a6af1c00a7afc0
:103e58002000a8af2400a9af2800aaaf2c00abaf60
:103e68003000acaf3400adaf3800aeaf3c00afaf00
:103e78004000b8af4400b9af4800bfaf12400000df
:103e88004c00a8af104000005000a8af029d1a3c9b
:103e9800d88f5a27000000000068044000600540e1
:103ea80009f84003000000005000a88f110000012d
:103eb8004c00a88f130000010400a18f0800a28ff6
:103ec8000c00a38f1000a48f1400a58f1800a68fd4
:103ed8001c00a78f2000a88f2400a98f2800aa8f74
:103ee8002c00ab8f3000ac8f3400ad8f3800ae8f14
:103ef8003c00af8f4000b88f4400b98f4800bf8f97
:0c3f08005800bd27c00000001800004257
:020000040000fa
:020000041d01dc
:103f14000900a22c3200401080180500019d053cc8
:103f2400343fa6240a38c37c0800e00000000000e7
:103f3400783f019d843f019d943f019da43f019dd5
:103f4400b43f019dc43f019dd43f019d583f019d55
:103f5400683f019d07000824000088ac0800e003c6
:103f64002510000008000f2400008fac0800e003b7
:103f740025100000000080ac0800e00325100000bc
:103f840001000e2400008eac0800e00325100000a0
:103f940002000d2400008dac0800e0032510000091
:103fa40003000c2400008cac0800e0032510000082
:103fb40004000b2400008bac0800e0032510000073
:103fc40005000a2400008aac0800e0032510000064
:103fd40006000924000089ac0800e0032510000055
:083fe4000800e00301000224c3
:020000040000fa
:020000041d01dc
:103fec00a8ffbd270400a1af0800a2af0c00a3af2f
:103ffc001000a4af1400a5af1800a6af1c00a7af0b
:10400c002000a8af2400a9af2800aaaf2c00abafaa
:10401c003000acaf3400adaf3800aeaf3c00afaf4a
:10402c004000b8af4400b9af4800bfaf1240000029
:10403c004c00a8af104000005000a8af006804402e
:10404c0000600540029d023c7891422409f8400032
:10405c00000000005000a88f110000014c00a88f38
:10406c00130000010400a18f0800a28f0c00a38f85
:10407c001000a48f1400a58f1800a68f1c00a78f0a
:10408c002000a88f2400a98f2800aa8f2c00ab8faa
:10409c003000ac8f3400ad8f3800ae8f3c00af8f4a
:1040ac004000b88f4400b98f4800bf8f5800bd271f
:0840bc00c000000018000042e2
:020000040000fa
:020000041d01dc
:1040c400a8ffbd270400a1af0800a2af0c00a3af56
:1040d4001000a4af1400a5af1800a6af1c00a7af32
:1040e4002000a8af2400a9af2800aaaf2c00abafd2
:1040f4003000acaf3400adaf3800aeaf3c00afaf72
:104104004000b8af4400b9af4800bfaf1240000050
:104114004c00a8af104000005000a8af0068044055
:1041240000600540029d023c8891422409f8400049
:10413400000000005000a88f110000014c00a88f5f
:10414400130000010400a18f0800a28f0c00a38fac
:104154001000a48f1400a58f1800a68f1c00a78f31
:104164002000a88f2400a98f2800aa8f2c00ab8fd1
:104174003000ac8f3400ad8f3800ae8f3c00af8f71
:104184004000b88f4400b98f4800bf8f5800bd2746
:08419400c00000001800004209
:020000040000fa
:020000041d01dc
:10419c00c0ffbd273800b1af3400b0af2588800018
:1041ac002580a00020000624252800003c00bfaf7d
:1041bc00ad62400f1000a4270000038209006010bc
:1041cc0025100000010002820b00401401000524a0
:1041dc002510200200004480feff83500100422481
:1041ec00231051003c00bf8f3800b18f3400b08fca
:1041fc000800e0034000bd27000003921000a42734
:10420c0001001026421103008010020021108200d0
:10421c000000448c0418650025186400000043acb1
:10422c0000000282f4ff4014251020020100052436
:10423c0000004380eaff60101000a627ff006330e7
:10424c0042210300802004002120c4000000848c43
:10425c000418650024186400e2ff6050231051001c
:08426c00f3ff001001004224e1
:020000040000fa
:020000041d01dc
:104274000c00822c3100401000000000019d033c22
:1042840080200400a04266240a38c47ce8ffbd27cd
:104294001400bfaf0800e0001000b0afec42019d75
:1042a400ec42019ddc42019dec42019ddc42019dfa
:1042b400ec42019dec42019dec42019d2c43019d89
:1042c400d042019dfc42019ddc42019d2480848feb
:1042d4004400400f00000000b18080a3b08080a3a0
:1042e400af8080a3ae8080a31400bf8f1000b08f76
:1042f4000800e0031800bd270000b0900100052469
:10430400faff05561400bf8f019d083c25300000bc
:10431400bcd60525e760400f25200000b18090a39e
:10432400f2ff00101400bf8f1400bf8f1000b08f75
:104334002480848f655c400b1800bd270800e003cf
:044344000000000075
:020000040000fa
:020000041d01dc
:104348001c008a8c0200a990257800000000488d86
:1043580000000291feff4324ff006c3002008b2d09
:104368000700601542680c0018008790ffffe424de
:104378001b008d00f401a00112700000ff00cf3176
:104388002bc0e90103000013251000000800e0031a
:1043980000000000150020510000c8ac0500b990cd
:1043a8000400a590ffffac31001a1900f7ffa01117
:1043b80025586500020002950e004b1004000d25db
:1043c8000400001001000824feffae950a00cb117e
:1043d80025408000010007250200ad25faff881559
:1043e800ffffe4300800e003251000000800e003a8
:1043f8000000029101000824024828718078090011
:104408000a504f7d0000caac0800e003000042914a
:020000040000fa
:020000041d01dc
:1044180050febd27b401a227a801b0af1000b027f5
:10442800b401a5afb801a6af00010524253080006e
:10443800bc01a7af2520000225384000ac01bfaf62
:104448000152400fa001a2afdb4b400f000000005b
:104458009401a3af9801b0afb364400f9001a2af2d
:104468007d0043901001b0279001a6278000052405
:104478000e006010252000028e26400f000000006c
:1044880025284000575d400f25200002029d043c6e
:10449800c493858c3564400fff000424ac01bf8fa2
:1044a800a801b08f0800e003b001bd271f61400fcd
:1044b8000000000025284000575d400f252000021d
:1044c800029d043cc493858c3564400fff0004248e
:1044d800ac01bf8fa801b08f0800e003b001bd2771
:020000040000fa
:020000041d01dc
:1044e8000000c28c0400c38cd8ffbd271c00b0afed
:1044f8002580c000029d063c3493c6241000a2af5c
:104508001400a3af2000b1af2400bfaf4363400f36
:10451800258880000c00048e1a0080102568000091
:10452800010049243f0008240800058e21504d0051
:1045380021582a028a61ad7c21382d010100ad2560
:10454800e0ff8e255f00cf2d0a600f0100006ca1ef
:104558000c00188e2bc8b801f4ff20570800058ef0
:1045680021f827020a0010240000f0a32400bf8fbe
:104578000100e2242000b18f1c00b08f0800e00386
:104588002800bd272538400021f827020a001024fa
:104598000000f0a32400bf8f0100e2242000b18fa7
:0c45a8001c00b08f0800e0032800bd27b5
:020000040000fa
:020000041d01dc
:1045b400e0ffbd271000b0af808004001400b1af4d
:1045c4002588800021200402801004002318510053
:1045d400802803001800b2af2130b1000180123ce2
:1045e40080380600b4ae5226212047025800888c39
:1045f400010009241c00bfaf14000011010089a0b0
:1046040001000d2418000d1100000000217011029a
:1046140080780e0023c0f10180c8180021f831030e
:1046240080881f00218051028562400f6000048e43
:104634001c00bf8f010000a21800b28f1400b18fbc
:104644001000b08f0800e0032000bd275c008a94ae
:1046540001010b24eeff4b11217011025d008c90bf
:10466400ecff801180780e00a600400f00000000cf
:08467400e7ff001021701102a4
:020000040000fa
:020000041d01dc
:10467c00c0ffbd273400b1af3000b0af2588e000db
:10468c002580c0002530a000252880001000a4271c
:10469c003c00bfaf0d4b400f3800b2af04002016ea
:1046ac001c00a38f2900a2930b0040143c00bf8f69
:1046bc00010004241800b18f170064102000b28f81
:1046cc0025304002252800023b61400f25202002a6
:1046dc00060040143c00bf8f3800b28f3400b18ffd
:1046ec003000b08f0800e0034000bd272c00a68fdf
:1046fc00252800021000a4278028400f0000c0a02d
:10470c003c00bf8f3800b28f3400b18f3000b08fb7
:10471c000800e0034000bd27253040022528000298
:10472c00325f400f25202002e6ff40142530400266
:08473c00e9ff00103c00bf8ff3
:020000040000fa
:020000041d01dc
:10474400d0ffbd271800a5272400b1af2000b0afcb
:104754002c00bfaf2800b2af4836400f2588800038
:1047640010004014258040001800a38f0500022487
:10477400130062146c6c073c0000328e6e75e824e2
:10478400040006241000a527252040021000a8af2d
:10479400325f400f1400a0a3110040102c00bf8f03
:1047a400010010242c00bf8f251000022800b28fb6
:1047b4002400b18f2000b08f0800e0033000bd2733
:1047c4002c00bf8f02001024251000022800b28f95
:1047d4002400b18f2000b08f0800e0033000bd2713
:1047e4000400442625100002000024ae2800b28fe5
:1047f4002400b18f2000b08f0800e0033000bd27f3
:020000040000fa
:020000041d01dc
:1048040070ffbd278400b2af8000b1af7c00b0afb1
:104814002588a000258080002590c0002528000060
:104824004c0006242400a4278800b3af8c00bfaf3b
:10483400ad62400f2598e000ffff02241000a2aff4
:1048440002010224020000161400a2af7000b02777
:104854001800b0af1c00b1af0200201225100000f8
:10486400ffff22260c0021062000a2af0080023c9c
:104874004f000324a80043acffff02248c00bf8f29
:104884008800b38f8400b28f8000b18f7c00b08f1a
:104894000800e0039000bd2701002056000000a29c
:1048a40025306002252840021000a4272800b0af5c
:1048b4008f60400f2400b0aff1ff00108c00bf8f59
:020000040000fa
:020000041d01dc
:1048c40003008014251000000800e003000000002d
:1048d4000400828ce0ffbd271800b1af20004230f5
:1048e4001400b0af1c00bfaf258080000900401049
:1048f4002588a0001400828c1800838c2b10620081
:10490400140040542c00828c280000ae180000ae25
:10491400140000ae3c00058e4000028e2b18a2004d
:1049240004006010010006240000048ee964400fb6
:104934002328a200400000ae3c0000ae0b00201271
:1049440025100000eb64400f0000048e08000010e6
:104954001c00bf8f2530000009f840002528000006
:104964001400038ee8ff6014ffff02241c00bf8fb5
:104974001800b18f1400b08f0800e0032000bd2799
:020000040000fa
:020000041d01dc
:10498400e8ffbd271400bfaf7b62400f7200042410
:104994008562400f7200042482bf053c1020a28c63
:1049a4004002437c210060140080043c444d89246f
:1049b4000400268d12000010444d888c0c002f8dad
:1049c4002370ef001700c0111400bf8f0c00388d46
:1049d4008ac9187d0c003f8d0100e2272b18460080
:1049e4000c0022ad010060500c0020ad2020b9acb9
:1049f4001020a48c40028a7c0d0040151400bf8f47
:104a040008002a8d0c002b8d2b604b01ebff8015c9
:104a1400213846010c002d8d23704d01ebffc0158c
:104a24001400bf8f0800e0031800bd271400bf8fd7
:0c4a3400720004247162400b1800bd27c2
:020000040000fa
:020000041d01dc
:104a4000e8ffbd271400bfaf7b62400f9300042432
:104a50008562400f9300042482bf053c1022a28c83
:104a60004002437c210060140080043c644d892492
:104a70000400268d12000010644d888c0c002f8dd0
:104a80002370ef001700c0111400bf8f0c00388d89
:104a90008ac9187d0c003f8d0100e2272b184600c3
:104aa0000c0022ad010060500c0020ad2022b9acfa
:104ab0001022a48c40028a7c0d0040151400bf8f88
:104ac00008002a8d0c002b8d2b604b01ebff80150d
:104ad000213846010c002d8d23704d01ebffc015d0
:104ae0001400bf8f0800e0031800bd271400bf8f1b
:0c4af000930004247162400b1800bd27e5
:020000040000fa
:020000041d01dc
:104afc000300e32c170060540000a68c2000828c6d
:104b0c00e0ffbd271c00bfaf1800b2af1400b1af5f
:104b1c001000b0af1c0040100100d2902580a00006
:104b2c0025888000feffe7240200c62425284002c9
:104b3c0009f8400025200002090040141c00bf8f1a
:104b4c001800b28f1400b18f1000b08f0800e00372
:104b5c002000bd27019d083c295d400b34640525d0
:104b6c000000068e25384002252020021800b28f46
:104b7c001400b18f1000b08f019d053c8c64a524ee
:104b8c00295d400b2000bd270000a68c1c00bf8fa8
:104b9c001800b28f1400b18f1000b08f019d073c2c
:0c4bac006464e524295d400b2000bd2757
:020000040000fa
:020000041d01dc
:104bb80000800340c011637c0100072429006714aa
:104bc80001800240402e437c001080400018804045
:104bd8000028804000308040252000000080043cf0
:104be8000000834000508440c000000002000042e2
:104bf80000408420ffff6320f9ff601400000000dc
:104c0800c0bf043c7406843400308440c0bf053cf7
:104c18007006a524c0bf063ca006c624253800009f
:104c28001000a610ff01093c00e029350028894042
:104c3800000087400000a88c0400a98c0800aa8cfa
:104c48000010894000188a4000508840c0000000c9
:104c5800020000420c00a5200100e720f0ff001030
:0c4c6800000000000800e0030000000055
:020000040000fa
:020000041d01dc
:104c74000000a28c0400a38cc0ffbd273800b3af92
:104c84003400b2af3000b1af2c00b0af3c00bfafc6
:104c9400258880002580a0000800b28c2000a2afe7
:104ca400030060040c00b38c4408027c2000a2af13
:104cb4002000a2271800a2af0a0002241400a2af09
:104cc4001000b2af0400c78c0000c68c2548400f0a
:104cd400252000021000068e2000a38f25384002f4
:104ce400ffffc6241000a3af2330c20021286202b4
:104cf400a54d400f252020020400238e00016330bf
:104d0400040060103c00bf8f0400038e2a2043007f
:104d14000b1064003800b38f3400b28f3000b18fb1
:0c4d24002c00b08f0800e0034000bd2709
:020000040000fa
:020000041d01dc
:104d3000250080140180033cb4ae62902200401430
:104d4000000000000400ac8c03008015b4ae6d249c
:104d50008ebf043c00308c24010007246800a7a10a
:104d60001800a68c1400ab8c0c00aa8c1000a98c27
:104d700001800e3c01000524e8afcf250200082485
:104d8000b4ae67a04c00a5ad5400acad5800a6adc4
:104d90005000abad1401a0ad1801a0ad6c00afaddb
:104da0006000aaad6400a9ad7c00a0ad7500a0a113
:104db0007600a0a17800a5ad0500c8102510000060
:104dc0000800e003000000000800e003ffff0224e9
:104dd00086bf183c6801192708000324000423af8c
:084de0000800e00300000000e0
:020000040000fa
:020000041d01dc
:104de8000800878ce0ffbd27feff03241800b1af41
:104df8001c00bfaf1400b0af1800e3101400918c72
:104e080000002596258080008000a43018008010be
:104e18000001a630f400288eac0025920c00098d04
:104e280009f820011c00248e00002a9603002b920a
:104e380004000c24c4390a7c04108b7d00002aa6c7
:104e480003002ba20800078e0500e0141c00bf8f8a
:104e580004000d8e0100a051c40020a21c00bf8fc9
:104e68001800b18f1400b08f0800e0032000bd27a0
:104e7800f5ffc0100442057cf400228e000025a630
:104e88004c00428c0200259209f840001c00248e38
:084e9800edff00100800078e79
:020000040000fa
:020000041d01dc
:104ea000d8ffbd271c00b3af1400b1af2400bfafc3
:104eb0002000b4af1800b2af1000b0af0000928c69
:104ec00010009394ad0094904010527e1a0060122e
:104ed0001400918c0500001025800000ff001032a6
:104ee0002b3813021400e010140031260000228e2b
:104ef00024184202f9ff6050010010260400249299
:104f0000f6ff9454010010261000258ef3ffa01028
:104f1000010010260400a68cf0ffc0100000000065
:104f20000800249609f8c000ff0010322b38130245
:104f3000eeffe014140031262400bf8f2000b48f50
:104f40001c00b38f1800b28f1400b18f1000b08f07
:084f50000800e0032800bd2762
:020000040000fa
:020000041d01dc
:104f580078ffbd278000b2af7c00b1af7800b0af5a
:104f68008400bfaf258080002588a0002590c00060
:104f78001c00a0af5400a4af2000a4af040080041c
:104f8800ffff0224ff7f023cffff42342110820012
:104f9800252800001800a4275b62400f5800a2af24
:104fa8009800a28f9c00a38f252840021800a427f0
:104fb8001000a2af1400a3af2013400f0100062475
:104fc8002520400008002012252860005800a28fe4
:104fd8005400a38f231862006c00a28f211862006e
:104fe80021800302000030ae8400bf8f25108000ae
:104ff8002518a0008000b28f7c00b18f7800b08f98
:085008000800e0038800bd2749
:020000040000fa
:020000041d01dc
:105010005000828ce8ffbd271000b0af1400bfaf76
:105020000b004010258080005400838c2a10620001
:1050300007004014000000004c0000aeffff0224f7
:105040001400bf8f1000b08f0800e0031800bd27c8
:10505000015e400f25200002f8ff42044c0000ae24
:105060004000038e5000048e3c00058e0900801025
:10507000253060005400068e23386500232086000a
:105080002a38e4000300e01425306000ffff842488
:105090002130a400060060104c0006ae5400048ebf
:1050a000231865000100632421188300540003ae17
:1050b000ffffa390e2ff6254ffffa2a0e1ff0010f8
:0450c0001400bf8f8a
:020000040000fa
:020000041d01dc
:1050c400f8ffbd270800acf70c00a38f0055627ce5
:1050d40033044428150080100800a0d70010804431
:1050e4000010e04432602246100001450000000038
:1050f400029d043c0f006104589084d4016024464e
:105104000000244601002c46ff0342280e004010f4
:105114000800a1d70000a0f714006004029d023c1f
:105124000800a0af0c00a0af0800a0d70800e0035f
:105134000800bd270800a1d700002446010024462a
:10514400f1ff0010010021463c1120464008204692
:10515400f5ff04450800a1f7029d023c609040d48d
:1051640001082046f0ff00100800a0f7fdff001022
:04517400509040d443
:020000040000fa
:020000041d01dc
:10517800ffff8224feff432c19006010000000008e
:10518800000087901600e01000000000e0ffbd2737
:105198001400b0af0c00908c1c00bfaf1800b1af6a
:1051a8007c00098e5800088e080085ac040086ac87
:1051b8000d00001110002a2d050040151c00bf8f9e
:1051c80014010b8e0d008b10010011241c00bf8fe1
:1051d8001800b18f1400b08f0800e0032000bd272d
:1051e8000800e00300000000140104ae01000424dc
:1051f800f6ff40155d0004a2010011242560c000df
:105208002520a000760011a22530000009f88001b1
:1052180008000524750000a2ecff0010760011a21a
:020000040000fa
:020000041d01dc
:1052280050febd27b401a227a801b0af1000b027d7
:10523800b401a5afb801a6af000105242530800050
:10524800bc01a7af2520000225384000ac01bfaf44
:105258000152400fa001a2afdb4b400f000000003d
:105268009401a3af9801b0afb364400f9001a2af0f
:105278007d0043901001b0279001a62780000524e7
:105288000a006010252000029325400f000000004e
:1052980025284000575d400f25200002ac01bf8f34
:1052a800a801b08f0800e003b001bd271161400fcd
:1052b8000000000025284000575d400f252000020f
:1052c800ac01bf8fa801b08f0800e003b001bd2773
:020000040000fa
:020000041d01dc
:1052d8000800828c0400858cd8ffbd270200432c6f
:1052e8002400bfaf1400888c1000a4af1d00601408
:1052f8001400a5affdff042417004410fcff06248a
:105308001a004610a0ff07241800a7af005908008c
:105318002160680101800e3c80680c00f4b0cf2544
:1053280021c0af013800198f2000028fffff3f27ef
:1053380038001faf050040101000a6272400078f73
:105348000500052409f84000252000012400bf8f2e
:105358000800e0032800bd279eff0a24ebff001089
:105368001800aaafe9ff00101800a0af9fff09249a
:08537800e6ff00101800a9afc8
:020000040000fa
:020000041d01dc
:105380000800828c0400858cd8ffbd270200432cc6
:105390002400bfaf1400888c1000a4af1d0060145f
:1053a0001400a5affdff042417004410fcff0624e1
:1053b0001a004610a0ff07241800a7af00590800e4
:1053c0002160680101800d3c80700c00f4b0af25b5
:1053d00021c0ee013400198f2000028fffff3f270c
:1053e00034001faf050040101000a6272400078fcf
:1053f0000400052409f84000252000012400bf8f87
:105400000800e0032800bd279eff0a24ebff0010e0
:105410001800aaafe9ff00101800a0af9fff0924f1
:08542000e6ff00101800a9af1f
:020000040000fa
:020000041d01dc
:10542800080080140e0002241700a2500000c39048
:105438000f0006240c00a6100d000e240300ae1069
:1054480001800f3c0800e00300000000f4b0f825dc
:105458002000198ffbff2013253000002400078f40
:10546800080020030800052401800c3cf4b08d25b9
:105478002000b98df3ff2013253000002400a78dec
:1054880008002003070005240180053c2000673040
:105498000800e010f4b0a48c0100c8900200092da7
:1054a80006002015e0ff0a2504004b2d04006015b6
:1054b800f4b0a5247259400b01000524f4b0a524ca
:0854c800b055400b2520000047
:020000040000fa
:020000041d01dc
:1054d000ffff8224feff432c250060100000000027
:1054e000e40087902200e01064008924f000889492
:1054f000e8ffbd271400bfaf640085ac10000611a3
:10550000680086ac2b28c8000400a050f4008b8ce7
:1055100001000624740086acf4008b8c1c00848c83
:10552000253020013800628d09f8400080000524f4
:105530001400bf8f251000000800e0031800bd27ed
:10554000f4008b8c02000a2474008aac3800628d4f
:105550001c00848c2530200109f8400080000524bf
:105560001400bf8f251000000800e0031800bd27bd
:085570000800e0038bff022498
:020000040000fa
:020000041d01dc
:10557800d8ffbd271400b0af00a0103c1c00b2af8c
:10558800b00012262400bfaf2000b3af1800b1af9f
:105598002598a0000e62400f258880000040062450
:1055a800ff000524ad62400f25204002253060022f
:1055b800252820022462400f25204002079d033c35
:1055c80000c064342580400200405326238892009e
:1055d800212830021858400f252000024e64400f41
:1055e80000000000fdff4014000000000008102625
:1055f800f8ff1316212830022400bf8f2000b38f34
:105608001c00b28f1800b18f1400b08f0800e0039f
:045618002800bd2782
:020000040000fa
:020000041d01dc
:10561c00756c033cc8ffbd27286e63241800a3af2c
:10562c006c2903242800b2af2000b0af3400bfaf08
:10563c003000b4af2c00b3af2400b1af2590800084
:10564c002510e0001c00a3a71e00a0a30200c010a0
:10565c001800b0272580c0000400b18c0800b38c62
:10566c00030040140000b48cec61400f25200002b4
:10567c00020020062b1822020b1023021000b4afdc
:10568c00253860022528000225204002a54d400f38
:10569c00253040003400bf8f3000b48f2c00b38f06
:1056ac002800b28f2400b18f2000b08f0800e003d7
:0456bc003800bd27ce
:020000040000fa
:020000041d01dc
:1056c0000100c290e0ff4324ff0067300400e82c93
:1056d0000a000011019d0a3c80480700ec564b254a
:1056e0000a60697d080080012000b98c4457019d43
:1056f0000857019d3057019d1c57019d0000a48c47
:105700007259400b010005241300201325300000be
:105710002400a78c08002003010005240e0020139c
:105720000200c6242400a78c0800200303000524df
:10573000090020130200c6242400a78c08002003bf
:105740000200052404002013253000002400a78c4b
:1057500008002003252800000800e00300000000e6
:020000040000fa
:020000041d01dc
:10576000e8ffbd271400bfaf1000b0af006062417a
:10577000c0000000a85b400f000000008ebf023c8c
:105780000000458c0300032480bf043c0429657c91
:10579000000045ac0000468c6c8090270410667cad
:1057a000000046ac0000878c0429677c000087acb1
:1057b000c958400f000000005159400f0000000080
:1057c000029d083c508705254c53400f25200000c2
:1057d000029d093cc0852525252000007448400f06
:1057e000000002aec35b400f040002ae20606241c5
:1057f0001400bf8f1000b08f0800e0031800bd2711
:020000040000fa
:020000041d01dc
:10580000c0ffbd273c00bfaf3800b1af1b00a010e8
:105810003400b0af2588a000200006249939400f3d
:105820001000a52707004010258040003c00bf8fd6
:10583000251000023800b18f3400b08f0800e0035b
:105840004000bd27029d053c253020021000a42702
:10585000b762400fd493a5243c00bf8f01004238ab
:10586000100003240b806200251000023800b18f65
:105870003400b08f0800e0034000bd279939400f85
:10588000253000003c00bf8f25804000251000021d
:105890003800b18f3400b08f0800e0034000bd270e
:020000040000fa
:020000041d01dc
:1058a000e8ffbd271000b0af252000001400bfaff7
:1058b000d855400f029d103ca14e400ffc9004268d
:1058c0002260400f000000009742400f252040005a
:1058d000029d043cc55e400f08908424125d400f79
:1058e00000000000dc43400f00000000029d023c6d
:1058f000a44c400f54924424634e400ffc90042665
:10590000ad64400f00000000e061400f00000000a7
:10591000262e400f000000007d46400f00000000d2
:105920009316400f000000008a38400f000000006e
:10593000b064400f00000000f3ff00100000000002
:020000040000fa
:020000041d01dc
:10594000e0ffbd271800b1af1400b0af1c00bfaf1f
:1059500025808000258800003c00028e4c00038ecc
:105960002b18430017006010010043243c0003aed5
:10597000000042902000032410004310f7ff42244f
:105980000500422cf4ff4054010031264c00028ee9
:10599000050040101c00bf8f3c00028effff422418
:1059a0003c0002ae1c00bf8f251020021400b08ff7
:1059b0001800b18f0800e0032000bd27e6ff0010ab
:1059c000010031260454400f25200002ffff03246c
:1059d000e8ff43141c00bf8ff4ff001025102002c5
:020000040000fa
:020000041d01dc
:1059e000d0ffbd271400b0af3800908c1c00b2afc0
:1059f0000001d2242800b5af2400b4af2000b3af1b
:105a000025a8a0002598800025a0c000252800001a
:105a100025304002252000022c00bfaf5260400f0d
:105a20001800b1af01004054239050002b8892021f
:105a30000aa0510225308002252800022462400f6e
:105a40002520a0022c00bf8f2110140221801202f9
:105a50003c0062ae400070ae380070ae251080028f
:105a60002800b58f2400b48f2000b38f1c00b28fa4
:105a70001800b18f1400b08f0800e0033000bd277c
:020000040000fa
:020000041d01dc
:105a8000c0ffbd273800b2af3400b1af3000b0afb7
:105a90003c00bfaf258880002590a0002580000035
:105aa00025300002252820020d4b400f1000a427ae
:105ab0002800a293252800020100072401001026d7
:105ac0000300401025202002040040120900032496
:105ad0009f51400f2400a68f09000324f1ff0356b5
:105ae000253000020c00398e070020133c00bf8fc8
:105af0001000248e3800b28f3400b18f3000b08f88
:105b0000080020034000bd273800b28f3400b18f59
:0c5b10003000b08f0800e0034000bd270b
:020000040000fa
:020000041d01dc
:105b1c00b8ffbd274000b3af3c00b2af3800b1af07
:105b2c003400b0af4400bfaf259080002598a00092
:105b3c002588c00025800000253000022528400261
:105b4c000d4b400f1000a4271400a58f4144400fab
:105b5c00252020020c00401409000324010010260b
:105b6c00f6ff0316253000024400bf8f010002240b
:105b7c004000b38f3c00b28f3800b18f3400b08f2f
:105b8c000800e0034800bd274400bf8f000070ae42
:105b9c00251000004000b38f3c00b28f3800b18f4d
:0c5bac003400b08f0800e0034800bd2763
:020000040000fa
:020000041d01dc
:105bb8008ebf023c7c30432403006590ff00a63072
:105bc8001f00c014000000005800878ce8ffbd27a4
:105bd8001400bfaf1000b0af0600e014800080a032
:105be8005400888c0f000924060000a5080000a5b1
:105bf8000b0009a1258080008562400f6000848c1d
:105c08008562400f6400048e54000a8e5000048e92
:105c18001400bf8f01004b9101000d241000b08fbc
:105c280044298b7c01004ba101004c911800bd2731
:105c38008431ac7d01004ca10800e00300000000a5
:085c48000800e0030000000069
:020000040000fa
:020000041d01dc
:105c50000000828cc0ffbd273800b1af3c00bfaf51
:105c6000258880003400b0af1a004010140084244e
:105c70001000268e09f840008000052425800000d1
:105c800025300002252820020d4b400f1000a427cc
:105c90001800a58f1000a4278028400f01001026af
:105ca00009000324f7ff0316253000020800258ea3
:105cb0000400a0103c00bf8f09f8a0001000248e43
:105cc0003c00bf8f3800b18f3400b08f0800e00374
:105cd0004000bd2780000624ad62400fff00052470
:085ce000e7ff00102580000021
:020000040000fa
:020000041d01dc
:105ce8000000888c00000b81f7ff6225ff0043301d
:105cf8001800652c1600a010010006248000073c3f
:105d08001300e524044866002450250101000c25f1
:105d180005004015010007240800e00303000224e1
:105d2800120020130300022400008cac00008b81b9
:105d38002540800101008c25f7ff6d25ff00ae315d
:105d48000478c7011800d82df5ff001724c8e5010d
:105d58007d0002240400621501000325000083acc5
:105d68000800e00325100000030002240800e003f7
:045d78000000000027
:020000040000fa
:020000041d01dc
:105d7c00e0ffbd271400b1af0080113c504b24262e
:105d8c001c00bfaf1800b2afcf64400f1000b0af13
:105d9c0030005024029d053ce093a5246750400f31
:105dac002520000225200002ec61400f25904000c8
:105dbc000d00421201000524029d023c4c93452427
:105dcc002f62400f25200002060040141c00bf8fdc
:105ddc001800b28f1400b18f1000b08f0800e003d0
:105dec002000bd2725280000504b24261c00bf8f07
:105dfc001800b28f1400b18f1000b08fa056400b5a
:045e0c002000bd278e
:020000040000fa
:020000041d01dc
:105e100080ffbd277800b2af7400b1af7000b0afa3
:105e20002588a000258080002590c000252800003e
:105e3000600006247c00bfafad62400f1000a427b5
:105e4000ffff0224252800001000a4271800b0af8f
:105e50004c00b0af5b62400f5000a2af01000624bf
:105e600025284002f80c400f1000a427070020123c
:105e70005000a38f4c00a28f231043006400a38f17
:105e80002110430021800202000030ae7c00bf8f51
:105e90007800b28f7400b18f7000b08f0800e003fb
:045ea0008000bd279a
:020000040000fa
:020000041d01dc
:105ea400e8ffbd271000b0af1400bfaf48008280e8
:105eb400ffff432425104300480082a01800838c70
:105ec4001400828c2b106200050040102580800095
:105ed4002c00828c2530000009f8400025280000a1
:105ee4000400028e280000ae180000ae0200433009
:105ef40008006010140000ae10004234040002ae2a
:105f0400ffff02241400bf8f1000b08f0800e003cd
:105f14001800bd270800038e0c00048ec000427ccc
:105f24002310020021186400400003aef5ff0010a6
:045f34003c0003ae7c
:020000040000fa
:020000041d01dc
:105f38000400828ce0ffbd271800b2af2000423079
:105f48001400b1af1000b0af1c00bfaf25808000b7
:105f58002588a000090040102590c0001400828cfc
:105f68001800838c2b1062000a0040542c00828c8d
:105f7800280000ae180000ae140000ae2530400224
:105f880025282002565f400f252000020800001037
:105f98001c00bf8f2530000009f8400025280000ac
:105fa8001400038ef2ff6014ffff02241c00bf8f51
:105fb8001800b28f1400b18f1000b08f0800e003f2
:045fc8002000bd27d1
:020000040000fa
:020000041d01dc
:105fcc002800828ce0ffbd271800b0af1c00bfafcb
:105fdc0025808000100040101000a5a31400038e33
:105fec002800028e2b106200140040141000a293a3
:105ffc002c00028e010006241000a52709f8400091
:10600c002520000201000324070043141000a29372
:10601c00070000101c00bf8f0160400f0000000043
:10602c00efff40501400038effff02241c00bf8fb3
:10603c001800b08f0800e0032000bd273400048254
:10604c00ebff441001006424140004aef7ff0010b1
:04605c00000062a03e
:020000040000fa
:020000041d01dc
:10606000f0ffbd2700e0847c80bf023c0c00bfaf86
:10607000700644ac00606641c000000099aa093c6b
:1060800066550b3c0040032400e0a57c0f0007246c
:106090000300082455662a25aa996c3500800d3422
:1060a0000000a6af200645ac040643ac040647ac8e
:1060b000080648ac080643ac100640ac10064aacd3
:1060c00010064cac08064dac0000ae8f00608e4050
:1060d000c00000000c00bf8f81bf0f3c800018245f
:1060e000010002241801f8ad0800e0031000bd27ec
:020000040000fa
:020000041d01dc
:1060f0000400828ce0ffbd271c00bfaf00014730c9
:106100001800b1af1700e0101400b0af1000828c7f
:106110002518c0002b88c2000a1851000c0060101e
:1061200025886000258080001400848c2462400f44
:10613000253060001400028e1000038e21105100e3
:1061400023887100140002ae100011ae000040a0c0
:106150001c00bf8f1800b18f1400b08f0800e0033f
:106160002000bd2710004230faff40541c00bf8fb2
:106170009761400f00000000f6ff00101c00bf8f69
:020000040000fa
:020000041d01dc
:106180001d0080140180033cb4ae67244c00e48cf5
:106190000200052403008510ffff02240800e0032d
:1061a000000000006800e89001000624fbff0615cf
:1061b000000000002401e9900d00201501000b24cf
:1061c0005800ea8c0180023c2401e8a03001e7acd1
:1061d0002801e0ac0a004811d8af4224040044155d
:1061e000000000001401e0ac1801e2ac01000b2437
:1061f0000800e0036800eba00800e003ffff0224b2
:0c6200001401e2acf9ff00101801e0ac42
:020000040000fa
:020000041d01dc
:10620c000c00a7af0c00a38f0800a6af25108000d0
:10621c0002450300ff0705310e00a0140800a48fef
:10622c00029d033c00088644308e60d40008e7448d
:10623c0000080524020820460000064400006744bc
:10624c002520c0000055e67c0200c0102518e00097
:10625c00c1ffc524c2370400401803002518c30031
:10626c0040200400000044ac00a0637c2000043cef
:10627c0025188300ccfba52400080831040043ac8e
:0c628c00080045ac0800e0030c0048ac22
:020000040000fa
:020000041d01dc
:106298000004c2281300401402fcc328029d023cdb
:1062a800089240d401fcc22400044328060060146c
:1062b800026320460263204602f8c22400044428f0
:1062c800ff0303240a10640025200000ff03422472
:1062d80000008444002d02000000e5440800e003ab
:1062e80002602046f8ff60102510c000029d033ca4
:1062f800109260d4c903c22402fc4328f2ff601044
:10630800026320469207c22402fc442802fc0324ac
:0c63180002632046ecff00100b10640034
:020000040000fa
:020000041d01dc
:1063240099aa063c6655083c80bf023c86bf033ce4
:1063340040000424004005245566c724aa99093561
:10634400040164ac680265ac300040ac300047ac7a
:10635400300049ac00004a8c01000b2407000c24d7
:10636400446b0a7c04000d2402000e2405000f2453
:1063740000004aac681440ac9c144cac6c144dac9a
:1063840058154eaccc154bacb4154facd4154bac26
:106394000000588c446b787d000058ac300040ac51
:0863a4000800e0030000000006
:020000040000fa
:020000041d01dc
:1063ac00f0ffbd270c00bfaf00606541c0000000ce
:1063bc0099aa083c66550a3c80bf023c0040032465
:1063cc0000e0847c0f000624040007245566092590
:1063dc00aa994b3500800c340000a5af200644acc4
:1063ec00040643ac040646ac080647ac080643acae
:1063fc00100640ac100649ac10064bac08064cac71
:10640c000000ad8f00608d40c00000000c00bf8ffd
:10641c0081bf0e3c80000f24010002241801cfad77
:08642c000800e0031000bd2789
:020000040000fa
:020000041d01dc
:1064340025732072656365697665206572726f7273
:106444002e20496e76616c6964206d7578206d65c7
:106454007373616765206c656e6774682e00000055
:1064640025732072656365697665206572726f7243
:106474002e204d7578206e6f7420737570706f7256
:106484007465642e000000002573207265636569dd
:106494007665206572726f722e20496e76616c6922
:1064a40064206d7578206368616e6e656c20307849
:0864b400253032582e000000d3
:020000040000fa
:020000041d01dc
:1064bc00b0fdbd274802b3af4402b2af4002b1af4a
:1064cc002590a000258880002598c00025288000f4
:1064dc002530e0001802a4274c02bfaf3c02b0af3d
:1064ec000d4b400f5c02a7af5c02a78f1800b027c2
:1064fc002528000225202002a249400f0002062474
:10650c001c02a78f029d063c1000b0af252860022c
:10651c00252040024363400fa892c6244c02bf8f33
:10652c004802b38f4402b28f4002b18f3c02b08f4d
:08653c000800e0035002bd2736
:020000040000fa
:020000041d01dc
:1065440080bf023c2006438cf0ffbd270c00bfaf88
:1065540000606541c000000099aa083c66550a3ce9
:106564000040042400e0667c0f00072455660925da
:10657400aa994b3500800c340000a5af200646ac28
:10658400040644ac040647ac080640ac080644ac18
:10659400100640ac100649ac10064bac08064cacd7
:1065a4000000ad8f00608d40c00000000c00bf8f64
:1065b40081bf0e3c80000f241801cfad0800e0031a
:0465c4001000bd27df
:020000040000fa
:020000041d01dc
:1065c800ffff8224feff432c1c0060100000000027
:1065d800e40086901900c01001000824e8ffbd27d8
:1065e8001400bfaf25388000c40080a0f400898c57
:1065f8000b00a8101c00848c3800228d6400e6244f
:106608006400e0ac6800e0ac09f8400080000524b4
:106618001400bf8f251000000800e0031800bd27f4
:106628002800228d09f84000800005241400bf8f3f
:10663800251000000800e0031800bd270800e0034b
:046648008bff02249e
:020000040000fa
:020000041d01dc
:10664c000000a78c1000a8941400a28c4010eb7cc6
:10665c0019000011ad00a990030000102560000086
:10666c001500c010140042240000458c0100832545
:10667c00ff006c3024506501f9ff40112b3088016c
:10668c0004004d90f6ffa9150000000005004e9087
:10669c002b788e00f2ffe0150000000006005890e9
:1066ac0021c80e032a389900edffe010000000000d
:1066bc000800e003000000000800e00325100000c3
:020000040000fa
:020000041d01dc
:1066cc00d8ffbd272000b0af0180103cd0b10382b1
:1066dc00c5bf023c2440478c2400bfaf2040458cf2
:1066ec00050060102400bf8fd0b102262000b08faf
:1066fc000800e0032800bd27ffffa430023405008a
:10670c00ffffe830029d093c1800a4af1400a6afaf
:10671c001000a8afd0b10426023c0700e890262553
:10672c004363400f140005242400bf8fd0b1022610
:0c673c002000b08f0800e0032800bd27fb
:020000040000fa
:020000041d01dc
:10674800e0ffbd271000b0af079d063c00a0103c3d
:106758001800b2af1400b1af2590a00025888000c2
:1067680000400524b00004261c00bfaff861400fac
:1067780000c0c63425304002b00005263b61400ffa
:1067880025202002060040141c00bf8f1800b28f7d
:106798001400b18f1000b08f0800e0032000bd275f
:1067a80025284002252020021800b28f1400b18f3e
:0c67b8001000b08f5e55400b2000bd2784
:020000040000fa
:020000041d01dc
:1067c4000800e003000000002518e003009d043cdd
:1067d4009410842416008010000000000000858cb2
:1067e4001300a010040084240000868c0400842478
:1067f40000008b8404008424029d0c3c24918c258d
:1068040080580b0021606c0100008c8d09f8800118
:10681400000000002520400003008424fcff06241f
:106824002420c4000000858cecffa01400000000ac
:0c68340025f860000800e00300000000f0
:020000040000fa
:020000041d01dc
:1068400020000524000082800d004510f7ff43243e
:106850000500632c0a0060142b0003240a00431077
:106860002d00032403004314252800000100052403
:106870000100842425100000070000100a000724ee
:10688000f0ff001001008424f9ff0010252800000b
:10689000010084242310430000008380d0ff632480
:1068a0000a00662cfaffc054021047700100a05085
:0c68b000231002000800e00300000000bc
:020000040000fa
:020000041d01dc
:1068bc000000838c01006224000082ac0100659012
:1068cc00f7ffa624ff00c7301800e82c14000011b5
:1068dc000100092480000b3c0450e90013006525dd
:1068ec00246045010e00801102006e24030000108c
:1068fc00010006240a0040100000000000008eaccd
:10690c000000cd910100ce25f7ffaf25ff00f83137
:10691c0004c806031800032ff6ff60142410250387
:08692c000800e0032510000043
:020000040000fa
:020000041d01dc
:1069340025732072656365697665206572726f726e
:106944002e20427566666572206f76657272756e6a
:106954002e000000257320726563656976652065e5
:1069640072726f722e20556e6578706563746564fb
:10697400207465726d696e6174696f6e2e0000001b
:1069840025732072656365697665206572726f721e
:106994002e204d697373696e67207465726d696e1c
:0869a4006174696f6e2e0000a2
:020000040000fa
:020000041d01dc
:1069ac00e8ffbd272518e0002800a78f2510c000a0
:1069bc001000b0af253060002580a0001400bfafe0
:1069cc00211e400f25284000040040141400bf8fe6
:1069dc001000b08f0800e0031800bd27a362400f21
:1069ec0025204000019d063c44000426253840002b
:1069fc00b029c6244363400f00020524b25c400f4b
:106a0c00252000021400bf8f010002241000b08f5b
:086a1c000800e0031800bd278b
:020000040000fa
:020000041d01dc
:106a2400810002241000a2500000c28c83000224c2
:106a34000600a2500000c28c800002240f00a25065
:106a44000000c28c0800e003251000000400432469
:106a54000000c3ac000080d40000428c000040f46d
:106a64000800e00301000224040043240000c3ac36
:106a74000000428cf9ff0010000080d4000080d494
:106a8400040043240000c3ac0000428c20002046d4
:086a9400f3ff0010000040e4d4
:020000040000fa
:020000041d01dc
:106a9c000000844425180000029d023c0000e344e1
:106aac00109141c4a000a046029d043cc2100146b6
:106abc00149184c4029d063c1891c7c4029d073ce6
:106acc001c91e9c4029d053c432103462091a6c4b8
:106adc00012a0746804209463e300a460400034517
:106aec0001530646cd5200460800e003005802440c
:106afc000080093c4d630046006808440800e00330
:046b0c002510090146
:020000040000fa
:020000041d01dc
:106b100082bf023ce8ffbd2771000424002040ac86
:106b20001400bfaf102040ac7b62400f000000009b
:106b30007b62400f720004248562400f71000424c0
:106b40008562400f720004240080033c544d65248c
:106b50000800a48cac8086930c00a4ac0100c05447
:106b6000ac8080a30080073c444de8240800098dd8
:106b70001400bf8f1800bd270c0009ad0800e0030a
:046b80000000000011
:020000040000fa
:020000041d01dc
:106b840082bf023ce8ffbd2792000424002240acef
:106b94001400bfaf102240ac7b62400f0000000025
:106ba4007b62400f930004248562400f920004240a
:106bb4008562400f930004240080033c744d6524d7
:106bc4000800a48cad8086930c00a4ac0100c054d2
:106bd400ad8080a30080073c644de8240800098d43
:106be4001400bf8f1800bd270c0009ad0800e00396
:046bf400000000009d
:020000040000fa
:020000041d01dc
:106bf800d8fdbd272510c0002002b2af1c02b1afde
:106c08001802b0af2588a000258080002590e000fc
:106c180000020624253800001000a5272402bfaf73
:106c2800211e400f25204000090040142402bf8f78
:106c3800253840021000a62725282002252000021a
:106c48009f51400f1002a2af1002a28f2402bf8fe3
:106c58002002b28f1c02b18f1802b08f0800e00327
:046c68002802bd271a
:020000040000fa
:020000041d01dc
:106c6c00e0ffbd271000b0af1c00bfaf1800b2afe3
:106c7c001400b1af995c400f2580a00006004010b5
:106c8c001c00bf8f1800b28f1400b18f1000b08f92
:106c9c000800e0032000bd270080113ccf64400faa
:106cac00504b242625904000cf64400f504b242697
:106cbc0050004526252000021c00bf8f1800b28f03
:106ccc001400b18f1000b08f25304000ea5e400bed
:046cdc002000bd27b0
:020000040000fa
:020000041d00dd
:10011000ffff8224feff432c170060100000000048
:10012000e40085901400a01000000000f400868c0c
:10013000e8ffbd271000b0af1c00c78c25808000f1
:100140001c00848c1400bfaf09f8e0000000000020
:1001500000000496030008928452047c0410087c7a
:10016000000004a6030008a21400bf8f1000b08f87
:100170000800e0031800bd270800e00300000000ad
:020000040000fa
:020000041d00dd
:100190000400828c1800401800000000e0ffbd271a
:1001a0001800b2af1400b1af1000b0af1c00bfaf69
:1001b0002580800025900000258800000000058e25
:1001c00025200002010031267620400f2128b200b0
:1001d0000400038e2a202302f8ff80141004522604
:1001e0001c00bf8f1800b28f1400b18f1000b08fa9
:1001f0000800e0032000bd270800e0030000000025
:020000040000fa
:020000041d01dc
:106ce000d8ffbd272000b1af1c00b0af2588a000a1
:106cf0000c00d08c2528c0002400bfafd647400f21
:106d00002530e000ffff03240c0043102520000283
:106d10000a0006244562400f1000a527000022ae9d
:106d20001000a28f040023aefeff042426105000a2
:106d3000010003240a188200251060002400bf8f80
:106d40002000b18f1c00b08f0800e0032800bd2791
:020000040000fa
:020000041d01dc
:106d5000d8ffbd272000b1af1c00b0af2588a00030
:106d60000c00d08c2528c0002400bfafd647400fb0
:106d70002530e000ffff03240c0043102520000213
:106d80000a0006243a62400f1000a527000022ae38
:106d90001000a28f040023aefeff04242610500032
:106da000010003240a188200251060002400bf8f10
:106db0002000b18f1c00b08f0800e0032800bd2721
:020000040000fa
:020000041d01dc
:106dc0000000a28c20000324000042800400431035
:106dd000f7ff42240500432c13006010251000002b
:106de000e8ffbd271000b0af1400bfaf5056400ff2
:106df0002580a000200004240000038e01006524eb
:106e0000000005ae01006380fbff6410f7ff632400
:106e10000500632cf8ff60141400bf8f1000b08fc2
:106e20000800e0031800bd270800e0030000000090
:020000040000fa
:020000041d01dc
:106e30000400a28ce8ffbd27200042300600401469
:106e40001400bfaffa5c400f000000001400bf8fb9
:106e50000800e0031800bd2725308000ff008230c5
:106e60003400a480090082102518a0001400a48c0e
:106e70002800a58c2b2885000400a0100100852483
:106e8000140065acf1ff0010000086a02528c000aa
:106e9000f357400f25206000edff00101400bf8f56
:020000040000fa
:020000041d01dc
:106ea00099aa033c6655053c80bf023c55666424a4
:106eb000aa99a634300040ac300044ac300046ac57
:106ec0000000478c0100092433330a3c0463077c2b
:106ed000000047ac400040ac500040ac600040ac0b
:106ee000700040ac800040ac900040aca00040acd2
:106ef0000000488c33334b250463287d000048ace8
:0c6f000030004bac0800e0030000000073
:020000040000fa
:020000041d01dc
:106f0c005476033c81bf023c0400053c0004082479
:106f1c00040006240004073c10326a2400100424e8
:106f2c001c00093c080044ac25584001780149acd0
:106f3c00080348ac080345ac580346ac580348acae
:106f4c00580345ac880345ac880347acd80347ac21
:106f5c00480446ac10004aac10004c8cfeff8b155c
:0c6f6c00000000000800e003000000002e
:020000040000fa
:020000041d01dc
:106f780000008444251800000000e344029d023c00
:106f88006000a04680080146b89143c4029d053cb4
:106f9800bc91a6c403190246029d063cc091c8c410
:106fa800029d043cc49185c4c1210646403a084666
:106fb8003e28094604000345c14a05468d4a004655
:106fc8000800e003005002440080083c0d5b0046c6
:0c6fd800006007440800e0032510e800fa
:020000040000fa
:020000041d01dc
:106fe400e8ffbd271000b0af00e0a57c81bf103cd6
:106ff400ffff0224901005ae1400bfafa48084af3d
:10700400a08087afb01006ae050082100f00833059
:107014000100062404286600a363400f0221040033
:107024008010048e1400bf8f01000824c418047c4f
:10703400801004ae6010078ec439077d601007ae5f
:0c7044001000b08f0800e0031800bd270a
:020000040000fa
:020000041d01dc
:1070500081bf023c82bf033ce8ffbd2786000424b9
:10706000001060ac1400bfaf401060ac101060acfa
:10707000301060ac601040ac701040ac801040ac80
:10708000901040aca01040acb01040acc01040ac70
:10709000d01040ace01040acf01040ac001140ac5f
:1070a000101140ac7b62400f000000001400bf8f45
:0c70b000860004248562400b1800bd27f8
:020000040000fa
:020000041d01dc
:1070bc0080ffbd277800b2af7400b1af7000b0afe5
:1070cc002588a000258080002590c0001000a427f2
:1070dc00600006247c00bfafad62400f2528000085
:1070ec00029d023ce08e42242530400225282002dd
:1070fc001000a4271800b0af4800b0af9e60400f3e
:10710c005400a2af7c00bf8f7800b28f7400b18f97
:0c711c007000b08f0800e0038000bd2769
:020000040000fa
:020000041d01dc
:10712800200003240b20a5000b180500022c0400e6
:107138000400a01402120500100063342528800002
:107148000212050004004014022102000800633402
:107158002510a000022102000400805482100400bf
:1071680004006334252040008210040004004054c9
:107178004210020002006334251080004210020011
:0c718800010042380800e003251043001d
:020000040000fa
:020000041d01dc
:10719400ffff8224feff432c150060100000000056
:1071a400e40085901200a01000000000f400868c1a
:1071b400e8ffbd271000b0af1800c78c2580800001
:1071c4001c00848c1400bfaf09f8e000000000002c
:1071d40003000492020008240410047d030004a2a6
:1071e4001400bf8f1000b08f0800e0031800bd2703
:0871f4000800e00300000000a8
:020000040000fa
:020000041d01dc
:1071fc005265736574200000504f5220000000004f
:10720c00424f52200000000049444c452000000031
:10721c00534c4545502000005744544f200000006b
:10722c00444d544f200000005357522000000000e2
:10723c004558545220000000434d522000000000dd
:10724c00424346474641494c2000000042434647d2
:08725c00455252200000000021
:020000040000fa
:020000041d01dc
:10726400e8ffbd271000b0af1400bfafd151400fed
:107274002580a000040040141400bf8f1000b08fbc
:107284000800e0031800bd27a362400f252040003a
:10729400019d063c4400042625384000b029c6243c
:1072a4004363400f00020524b25c400f2520000216
:1072b4001400bf8f010002241000b08f0800e00307
:0472c4001800bd27ca
:020000040000fa
:020000041d01dc
:1072c800e0fbbd2744008224029d063c1804b0afb1
:1072d80004008724258080008492c62400040524a5
:1072e8001000a2af1c04bfaf4363400f1800a427cf
:1072f800ec61400f1800a4270000038e4402068e9c
:107308001800a4270800678c09f8e0002528400029
:107318001c04bf8f1804b08f0800e0032004bd27a9
:020000040000fa
:020000041d01dc
:10732800ffffffffffffef7f0000000000001000dd
:107338000000000065cdcd41000000000000f03fd6
:10734800000000000000d03f000000000000e83fff
:10735800000000000000e03f000000000000404383
:10736800000000000000f0fffffffffffffff77fb6
:10737800000000000000f07f000000000000b03fa7
:020000040000fa
:020000041d01dc
:10738800e0ffbd271000b0af0280a6701800b2afb2
:107398002590c0001400b1af0a9005002588a00010
:1073a800252880002520e0001c00bfaf9761400f12
:1073b80025300002040002121c00bf8f1b00510080
:1073c800f401200212900000251040021400b18f31
:1073d8001800b28f1000b08f0800e0032000bd270e
:020000040000fa
:020000041d01dc
:1073e8000400a28ce0ffbd27ff008330000142307b
:1073f8001c00bfaf0a0040101000a3a31400a28c09
:10740800ff008430010046241400a6ac000043a00d
:107418001c00bf8f251080000800e0032000bd2756
:107428002520a000010006249761400f1000a52721
:10743800f7ff4010ffff0424f5ff00101000a4938d
:020000040000fa
:020000041d01dc
:10744800e8ffbd271000b0af0e00042484bf103c35
:107458001400bfaf000200ae000400ae100200ae80
:107468007b62400f00000000a88080af00020296f7
:10747800010003241400bf8fc418627c000202a616
:10748800000205960e000424c47b657c000205a654
:0c7498001000b08f7162400b1800bd277f
:020000040000fa
:020000041d01dc
:1074a4002400828ce0febd271c01bfaf1801b0afe1
:1074b4002801a6af0d0040102c01a7af2801a32777
:1074c4002530a00025808000000105241000a42799
:1074d400253860000152400f1001a3af2400068e2e
:1074e4002800058e09f8c0001000a4271c01bf8fd6
:0c74f4001801b08f0800e0032001bd2744
:020000040000fa
:020000041d01dc
:10750000e0ffbd271c00bfaf1800b2af1400b1af41
:107510001000b0af2590a000ec61400f25888000de
:107520002530400025384002252020020100052496
:10753000e25c400f258040001c00bf8f26105000e9
:107540002b100200231002001800b28f1400b18f1c
:0c7550001000b08f0800e0032000bd27f1
:020000040000fa
:020000041d01dc
:10755c00e0ffbd271800b1af1400b0af1c00bfafe7
:10756c00258880009864400f2580a00005004010fd
:10757c0025280002c545400f252020020300401499
:10758c008c80858f258000008c80858f1c00bf8fa0
:10759c001800b18f2110b0008c8082af1400b08f16
:0875ac000800e0032000bd27e8
:020000040000fa
:020000041d01dc
:1075b400029d063c251000003890c62440180200a5
:1075c40021186600000067800300e0540000858ce9
:1075d4000800e00301006290010042240000a8803a
:1075e40004000715ff004230010062900100a52449
:1075f400000085ac0b00432cf1ff6014401802001e
:087604000800e0030000000093
:020000040000fa
:020000041d01dc
:10760c00ffff8324feff662c1000c0102510000025
:10761c00000082900d00401014000b240c00828c92
:10762c000f00a430803804006c00488c2148e40022
:10763c00c2290500c05009000a58050021600a0142
:10764c0021688b010c00ae8d0100c2310800e003f3
:04765c00000000002a
:020000040000fa
:020000041d01dc
:10766000ffff8324feff662c1000c01025100000d1
:10767000000082900d00401014000b240c00828c3e
:107680000f00a430803804006c00488c2148e400ce
:10769000c2290500c05009000a58050021600a01ee
:1076a00021688b010c00ae8d4000c27d0800e00314
:0476b00000000000d6
:020000040000fa
:020000041d01dc
:1076b400ffff8324feff652c1000a010251000009e
:1076c400000086900d00c010000000000c00878ca4
:1076d400010004245800e28c06004410000000005d
:1076e40006004054251000005d00e89003000011de
:1076f400000000000800e0037000e28c0800e003d2
:047704000000000081
:020000040000fa
:020000041d01dc
:10770800e0ffbd271000a5271800b0af1c00bfafd1
:107718004836400f25808000060040141000a38fd3
:1077280002000224070062141c00bf8f2f5a400f6a
:10773800252000021c00bf8f1800b08f0800e0034e
:107748002000bd27020002241800b08f0800e003c3
:047758002000bd2729
:020000040000fa
:020000041d01dc
:10775c00e0ffbd271000a5271800b0af1c00bfaf7d
:10776c004836400f25808000060040141000a38f7f
:10777c0003000224070062141c00bf8f2f5a400f15
:10778c00252000021c00bf8f1800b08f0800e003fa
:10779c002000bd27020002241800b08f0800e0036f
:0477ac002000bd27d5
:020000040000fa
:020000041d01dc
:1077b0000000043ce8ffbd27000084240300801083
:1077c0001400bfaf09f88000000000000000843002
:1077d0000000a530019d083ca058082509f80001cb
:1077e000000000000000023c0000422403004010a2
:1077f0000000000009f8400000000000f9ff001040
:047800000000000084
:020000040000fa
:020000041d01dc
:10780400e0ffbd271800b0af1c00bfafa957400f61
:1078140025808000060040504400028effff0224b1
:107824001c00bf8f1800b08f0800e0032000bd27a4
:10783400010006241000a52709f8400025200002b5
:1078440001000324f5ff43141000a293f5ff001078
:047854001c00bf8fc6
:020000040000fa
:020000041d01dc
:10785800d8ffbd272000b1af258880002400bfaf26
:107868001c00b0af00607041c00000005463400fbe
:1078780000000000252020027b62400f1000a2af0c
:107888008f62400f010004322400bf8f1000a28fc6
:107898002000b18f1c00b08f0800e0032800bd272e
:020000040000fa
:020000041d01dc
:1078a800110080140180033c54ad65240800a48ca9
:1078b800020002240c00821400000000e400a690dc
:1078c8000300c010ffff02240800e00300000000ce
:1078d8000100072401000824e400a7a0e000a8ace8
:1078e8000800e0032510a0000800e003ffff0224c1
:020000040000fa
:020000041d01dc
:1078f800e8ffbd271400bfaf8562400f860004244f
:10790800a480848fffff022407008210a080998f33
:107918000f00833001000524042865009c63400f94
:1079280002210400a080998f030020131400bf8f48
:10793800080020031800bd270800e0031800bd2731
:020000040000fa
:020000041d01dc
:1079480064656661756c74006170706c7900000024
:10795800736176650000000070696e6700000000c2
:10796800626c696e6b0000007374726f6265000070
:107978006e6f74650000000074696d657374616de5
:1079880070000000666163746f727900555342009d
:020000040000fa
:020000041d01dc
:1079980041444320627566666572206f766572663b
:1079a8006c6f772e2025752073616d706c65732060
:1079b8006c6f73742e00000c555342206275666616
:1079c8006572206f766572666c6f772e202575203c
:0c79d8006279746573206c6f73742e006c
:020000040000fa
:020000041d01dc
:1079e40000000000252a73737472696e670a000030
:1079f400252a736e756d6265720a0000252a736ffd
:107a0400626a6563740a0000252a7361727261797f
:107a14000a000000252a73626f6f6c65616e0a00ac
:0c7a2400252a736e756c6c0a00000000cf
:020000040000fa
:020000041d01dc
:107a3000e8ffbd271400bfafb359400f1000b0af2f
:107a40000080103c504b04260100072425304000e4
:107a50009f51400f25280000504b04261400bf8f73
:107a60001000b08f029d063c010007244c93c624f1
:0c7a7000020005249f51400b1800bd27a8
:020000040000fa
:020000041d01dc
:107a7c00e8ffbd271000b0af1400bfaf995c400ffa
:107a8c002580a000040040101400bf8f1000b08fa0
:107a9c000800e0031800bd270080043c504b8424f0
:107aac00a056400f25280000252000021400bf8f8f
:0c7abc001000b08fb25c400b1800bd271a
:020000040000fa
:020000041d01dc
:107ac800e8ffbd271000b0af1400bfaf995c400fae
:107ad8002580a000040040101400bf8f1000b08f54
:107ae8000800e0031800bd27029d023cbc93458caa
:107af8003564400fff000424252000021400bf8fc6
:0c7b08001000b08fb25c400b1800bd27cd
:020000040000fa
:020000041d01dc
:107b1400e8ffbd271000b0af0080103ca400028e27
:107b24001400bfaf405d400f0000458c06004004c8
:107b340001000324a400028e0a000424bf63400f42
:107b44000000458cc21f02001400bf8f23100300e5
:0c7b54001000b08f0800e0031800bd27ef
:020000040000fa
:020000041d01dc
:107b6000ffff8324feff672c0d00e010251080002e
:107b7000e40088900a00001100000000f400898ce5
:107b80001c00848c0800398dec0046ac019d063c3d
:107b9000e80045ac40d4c624080020032528400056
:087ba0000800e00300000000f2
:020000040000fa
:020000041d01dc
:107ba8000000828ce0ffbd271800b0af0000478cb2
:107bb8001400a6af029d063c258080001000a5afea
:107bc800440084246488c6241c00bfaf4363400f6c
:107bd80000020524252000021c00bf8f1800b08f6a
:087be800b25c400b2000bd2738
:020000040000fa
:020000041d01dc
:107bf000e0fdbd271000a0af000207241800a62753
:107c00001802b0af1c02bfaf6b5a400f2580a00016
:107c1000060040141c02bf8f8a54400f1800a4278e
:107c2000b25c400f252000021c02bf8f1802b08feb
:087c30000800e0032002bd275b
:020000040000fa
:020000041d01dc
:107c3800e8ffbd271000b0af1400bfaf995c400f3c
:107c48002580a000040040101400bf8f1000b08fe2
:107c58000800e0031800bd270080043c6c63400f57
:107c6800504b8424252000021400bf8f1000b08fd1
:087c7800b25c400b1800bd27af
:020000040000fa
:020000041d01dc
:107c80004879019d7c7a019d5079019db484019dc4
:107c90005879019d387c019d6079019d6c6c019d36
:107ca0006879019dc87a019d7079019d7c7f019d55
:107cb0007879019df07b019d8079019d387f019d40
:087cc0008c79019d0881019df2
:020000040000fa
:020000041d01dc
:107cc8000f00c01025100000ffffc6242518000073
:107cd80021108300000042902138a30007004010c3
:107ce8000000e7900600e050231047000400c3504e
:107cf80023104700f6ff47100100632423104700b4
:087d08000800e0030000000088
:020000040000fa
:020000041d01dc
:107d10008000a3280e006014251000008200a32814
:107d200003006014830003240900a3140000000072
:107d30000000c28c070042240410027c0800432487
:107d40000000c3ac000040d401000224000080f415
:087d50000800e0030000000040
:020000040000fa
:020000041d01dc
:107d5800e8ffbd271000b0af258080000000848cac
:107d68001400bfafe964400f0000000005004004a4
:107d7800ffff03240400028e25180000c418027cab
:107d8800040002ae1400bf8f251060001000b08ff1
:087d98000800e0031800bd27fc
:020000040000fa
:020000041d01dc
:107da000ffff8224feff432c0c0060100000000047
:107db000000085900900a010000000000c00868cd7
:107dc000010007245800c48c040080148000c7a060
:107dd0005d00c890010000515d00c7a00800e003ed
:047de000000000009f
:020000040000fa
:020000041d01dc
:107de400e0ffbd271c00bfaf1800b1af1400b0af57
:107df4002580a0000000a5906361400f25888000c5
:107e0400000005924961400f252020021c00bf8f0d
:107e1400040000a21800b18f1400b08f0800e00322
:047e24002000bd2756
:020000040000fa
:020000041d01dc
:107e280009024300020100c03209040000010202f5
:107e38000100052400200104240202052406000193
:107e4800052401000107058103100002090401004f
:107e5800020a00000007050202400000070582022e
:047e680040000000d6
:020000040000fa
:020000041d01dc
:107e6c0009024300020100c03209040000010202b1
:107e7c00010005240020010424020205240600014f
:107e8c00052401000107058103100002090401000b
:107e9c00020a000000070502020002000705820228
:047eac0000020000d0
:020000040000fa
:020000041d01dc
:107eb000029d023cd09344c400008544029d033cd3
:107ec0004320004600108644989165d4e110004696
:107ed000029d053c82192546a091a7d4210a00469f
:107ee0006132e84c833a2946e05220460800e0031c
:047ef00000008be41f
:020000040000fa
:020000041d01dc
:107ef400601b019d641b019d741b019d841b019dde
:107f0400981b019dac1b019dbc1b019dc81b019dc1
:107f1400d81b019dec1b019dfc1b019d181c019da0
:107f2400381c019d5c1c019d881c019da01c019da9
:047f3400b01c019ddf
:020000040000fa
:020000041d01dc
:107f3800e0ffbd271000a6271800b0af1c00bfaf98
:107f4800d031400f2580a000070040141c00bf8fcf
:107f58001000a48f0e49400f1400a58fb25c400f8b
:107f6800252000021c00bf8f1800b08f0800e00316
:047f78002000bd2701
:020000040000fa
:020000041d01dc
:107f7c00e8ffbd271000b0af1400bfaf995c400ff5
:107f8c002580a000040040101400bf8f1000b08f9b
:107f9c000800e0031800bd270361400f000000003b
:107fac00252000021400bf8f1000b08fb25c400b74
:047fbc001800bd27c5
:020000040000fa
:020000041d01dc
:107fc00000606041c000000099aa033c80bf023cf1
:107fd00055666324300040ac300043ac6655033c2a
:107fe000aa996334300043ac80bf023c01000324f3
:107ff000581243ac80bf023c5012428cf25f400bdf
:04800000000000007c
:020000040000fa
:020000041d01dc
:10800400e8ffbd271000b0af1400bfaf8060400f81
:1080140025808000080040141400bf8f0800038ee0
:108024000c00048e180003ae140003ae2118640083
:10803400280003ae1400bf8f1000b08f0800e003c7
:048044001800bd273c
:020000040000fa
:020000041d01dc
:10804800ffff8224feff432c2528c0002530e000d6
:10805800090060101000a78fe40088900600001146
:1080680000000000f400898c1c00848c2000398ded
:1080780008002003ffffe7300800e00384ff022424
:020000040000fa
:020000041d01dc
:10808800e0ffbd271400b0af000c103c1c00bfafd0
:108098005264400f1800b1afff0204265664400f27
:1080a800258840001c00bf8fff02023624102202e0
:1080b8001400b08f1800b18f0800e0032000bd271e
:020000040000fa
:020000041d01dc
:1080c8000080043c844d85240c00a38c0800a28cfd
:1080d8002b3043000500c0500400a78c0800ab8c6f
:1080e800ffff6c240800e00323108b010800a88c14
:1080f80021486700ffff2a250800e00323104801f4
:020000040000fa
:020000041d01dc
:10810800e8ffbd271000b0af1400bfaf995c400f67
:108118002580a000040040101400bf8f1000b08f0d
:108128000800e0031800bd27252000021000b08fca
:10813800010002241800bd27b25c400bb28082a364
:020000040000fa
:020000041d01dc
:108148000b00c010ff00a530000082900a00451007
:108158002130860004000010010084240600451028
:108168000000000001008424fcffc4540000829039
:108178000800e003251000000800e0032510800037
:020000040000fa
:020000041d01dc
:1081880025662c25662c25662c25662c25662c252f
:10819800662c25662c25660a0000000c4348310031
:1081a80043483200434833004348340043483500cd
:0c81b80043483600434837004348380075
:020000040000fa
:020000041d01dc
:1081c4000080023ca400428ce0ffbd272400a5af40
:1081d4002800a6af2c00a7af252880000000448cff
:1081e4002400a6271c00bfaf8f60400f1000a6af6d
:0c81f4001c00bf8f0800e0032000bd2726
:020000040000fa
:020000041d01dc
:1082000048008280ffff432425104300480082a0dd
:108210000400828c0400433005006050400080acb4
:1082200010004234040082ac0800e003ffff022487
:0c8230003c0080ac0800e00325100000ba
:020000040000fa
:020000041d01dc
:10823c00e0ffbd271800b0af1000a6af258080006e
:10824c001c00bfaf681b400f1000a6270400038e54
:10825c001c00bf8fffff0424100063300b10830041
:0c826c001800b08f0800e0032000bd27c0
:020000040000fa
:020000041d01dc
:10827800e0ffbd271800b0af1000a6af2580800032
:108288001c00bfaf4a11400f1000a6270400038e40
:108298001c00bf8fffff0424100063300b10830005
:0c82a8001800b08f0800e0032000bd2784
:020000040000fa
:020000041d01dc
:1082b4000800c01025108000200003242318660045
:1082c4000600601c0620c500252000000610c5001d
:1082d400252880000800e0032518a0000610c2002d
:1082e40004286500faff0010251045000800c0109e
:1082f4002510800020000424232086000600805cd2
:108304000418c200251800000428c20025106000cb
:108314000800e0032518a0000428c5000610820008
:08832400faff00102528a20059
:020000040000fa
:020000041d01dc
:10832c00000000000000000000aaaaaaaaaaaaaa9b
:10833c00aaeeeeeeeeeeeeeeeefeffffffffffff1f
:10834c00ffffffffff7fbfdfeff7fbfdfc7ebfdf13
:08835c00eff7fbfd7e000000bd
:020000040000fa
:020000041d01dc
:10836400ffff8224feff432c090060100000000080
:10837400000086900600c010000000000c00848cf1
:108384005400878c0000e8900430a87c0000e8a02a
:088394000800e00300000000f6
:020000040000fa
:020000041d01dc
:10839c0009008014000000000900a010000000007b
:1083ac000180023cf4b04324200065ac240066ac90
:1083bc000800e003251000000800e00388ff0224f9
:0883cc000800e00383ff022416
:020000040000fa
:020000041d01dc
:1083d400ffff8224feff432c090060100000000010
:1083e400e40087900600e01000000000d40085ac93
:1083f400c80080accc0086ac0800e0032510000067
:088404000800e0038bff0224d5
:020000040000fa
:020000041d01dc
:10840c00e8ffbd271400bfaf6463400f00000000fd
:10841c00cd1d043c00658524213045001400bf8f20
:10842c002b10c20021184300788086af7c8083af6c
:08843c000800e0031800bd2751
:020000040000fa
:020000041d01dc
:108444000800c78c0000c28c0400c38cd8ffbd2771
:10845400029d063c1800a7af1000a2af1400a3af02
:108464002400bfaf4363400f9092c6242400bf8f03
:088474000800e0032800bd2709
:020000040000fa
:020000041d01dc
:10847c000800c78c0000c28c0400c38cd8ffbd2739
:10848c00029d063c1800a7af1000a2af1400a3afca
:10849c002400bfaf4363400f9c92c6242400bf8fbf
:0884ac000800e0032800bd27d1
:020000040000fa
:020000041d01dc
:1084b400e8ffbd271000b0af1400bfaf995c400fb8
:1084c4002580a000040040101400bf8f1000b08f5e
:1084d4000800e0031800bd27252000021000b08f1b
:0884e400b25c400b1800bd273b
:020000040000fa
:020000041d01dc
:1084ec00251800000a00c3100000000021108300b2
:1084fc00010063242138a30000004290ffffe790a5
:10850c00f8ff4710231047000800e00300000000ac
:08851c000800e0032510000037
:020000040000fa
:020000041d01dc
:10852400ffff8224feff432c0800601000000000bf
:10853400e40086900500c01000000000f400878c61
:108544002400f98c080020031c00848c0800e0033c
:0485540084ff02247a
:020000040000fa
:020000041d01dc
:10855800ffff8224feff432c08006010000000008b
:10856800e40087900500e01000000000f400888c0b
:108578003800198d080020031c00848c0800e003d3
:0485880083ff022447
:020000040000fa
:020000041d01dc
:10858c00ffff8224feff432c080060100000000057
:10859c00e40086900500c01000000000f400878cf9
:1085ac004000f98c080020031c00848c0800e003b8
:0485bc0083ff022413
:020000040000fa
:020000041d01dc
:1085c00000000000000000000000000000000000ab
:1085d000000000000000000001000000c090019dac
:1085e0000c88019d01000000000000000000000058
:0485f000584c008063
:020000040000fa
:020000041d01dc
:1085f4004e756d626572206d7573742062652061bd
:108604002036342d62697420756e7369676e6564f3
:1086140020696e746567657200000000256c6c75d6
:048624000000000052
:020000040000fa
:020000041d01dc
:108628002a18a70009006014251000002a28e50070
:108638000600a014020002242b1886000300601410
:10864800251000002b10c400010042240800e0039c
:04865800000000001e
:020000040000fa
:020000041d01dc
:10865c002c00838ce8ffbd27060060101400bfaf10
:10866c0009f86000000000001400bf8f0800e00350
:10867c001800bd27c861400f0000848cfbff001060
:04868c001400bf8f88
:020000040000fa
:020000041d01dc
:108690005800838c5400828c060040a4080040a43b
:1086a000040060100f0005240b0045a04d1f400b77
:1086b000400005240b0040a04d1f400b4000052446
:020000040000fa
:020000041d01dc
:1086c000ffff8224feff432c070060100000000023
:1086d000000085900400a01000000000000080a0b1
:1086e000040080ac0c0080ac0800e0030000000037
:020000040000fa
:020000041d01dc
:1086f00081bf023c80000324940043ac6080848fdf
:1087000005008010000000006480848f6080998fd5
:1087100008002003000000000800e0030000000043
:020000040000fa
:020000041d01dc
:10872000e8ffbd272520a0002528c0001000b0af1d
:108730001400bfaf7643400f2580c0001400bf8fe8
:10874000251000021000b08f0800e0031800bd27bc
:020000040000fa
:020000041d01dc
:108750000000000000308ebf010000008400000017
:108760008500000001000000010000000000000082
:1087700000000000000000000000000000000000f9
:020000040000fa
:020000041d01dc
:10878000e8ffbd271000b0af6c8090270000048e7a
:108790001400bfaf6c2a400f000000000400048edc
:1087a0001400bf8f1000b08fe54c400b1800bd27a0
:020000040000fa
:020000041d01dc
:1087b00000008280080040100000000025108000aa
:1087c0000100422400004380feff60540100422467
:1087d0000800e003231044000800e0032510000017
:020000040000fa
:020000041d01dc
:1087e0000020023c2518c200e8ffbd272530a0006c
:1087f0001400bfaf2462400f252860001400bf8f13
:0c880000010002240800e0031800bd275e
:020000040000fa
:020000041d01dc
:10880c00ac90019d01000000b493019dac90019dc2
:10881c0001000000b893019d030000001892019d17
:0c882c002492019d2492019d0000000098
:020000040000fa
:020000041d01dc
:10883800079d043ce8ffbd271400bfafeb58400f6d
:1088480000c084344e64400f00000000fdff401457
:0c8858001400bf8f0800e0031800bd27cb
:020000040000fa
:020000041d01dc
:108864007b22696e74657266616365223a222573a0
:10887400222c226e616d65223a222573222c2273ea
:0c8884006e223a222573227d00000000c5
:020000040000fa
:020000041d01dc
:108890000800c010251080002130860025188000b7
:1088a0000100a524ffffa79001006324fcff6614cc
:0c88b000ffff67a00800e00300000000cc
:020000040000fa
:020000041d01dc
:1088bc00000082800000a38003004314ff0063309b
:1088cc000400405401008424ff0042300800e003ff
:0c88dc0023104300f6ff00100100a5244b
:020000040000fa
:020000041d01dc
:1088e800e0ffbd27ffff0224ffff03241000a2af13
:1088f8001400a3af1c00bfafd653400f0000000008
:0c8908001c00bf8f0800e0032000bd270a
:020000040000fa
:020000041d01dc
:10891400e0ffbd27251000000080033c1000a2af3b
:108924001400a3af1c00bfafd653400f00000000db
:0c8934001c00bf8f0800e0032000bd27de
:020000040000fa
:020000041d01dc
:108940006bffcefbcefb0000183535000a0000009f
:1089500064000000e803000010270000a08601006a
:0c89600040420f008096980000e1f505f1
:020000040000fa
:020000041d01dc
:10896c004000838c3c00868c500085ac2310660044
:10897c000400a010540082ac2a10a2000100405444
:0c898c002118c5000800e0034c0083ac7b
:020000040000fa
:020000041d01dc
:108998000060024400706944006063442530400070
:1089a8002520200100f0657c04f0047c000086444a
:0c89b8002518a4000800e0030000e344c0
:020000040000fa
:020000041d01dc
:1089c4004211040081bf033c00290200c000662458
:1089d400010008242138c500042088000800e4ac04
:0889e4000800e00300000000a0
:020000040000fa
:020000041d01dc
:1089ec004211040081bf033c00290200c000662430
:1089fc00010008242138c500042088000400e4ace0
:088a0c000800e0030000000077
:020000040000fa
:020000041d01dc
:108a14004211040081bf033c002902004000662487
:108a2400010008242138c500042088000400e4acb7
:088a34000800e003000000004f
:020000040000fa
:020000041d01dc
:108a3c000700801000000000f8ffbd270400bfaf46
:108a4c00206062410400bf8f0800e0030800bd27ce
:088a5c000800e0030000000027
:020000040000fa
:020000041d01dc
:108a6400080081c400108544040080c4c01001467d
:108a7400000084c4040085ac411900460228044661
:088a84000800e003080080e493
:020000040000fa
:020000041d01dc
:108a8c001100822c06004010019d063c019d033c08
:108a9c0080200400f47e65240800e0030a10a47c06
:088aac000800e003e479c22494
:020000040000fa
:020000041d01dc
:108ab4000700c01025108000202c057c2130860082
:108ac4002518800001006324feff6614ffff65a0e3
:088ad4000800e00300000000af
:020000040000fa
:020000041d01dc
:108adc00e0ffbd272800a6af2800a6271c00bfafcb
:108aec002c00a7af2f5c400f1000a6af1c00bf8f4f
:088afc000800e0032000bd2783
:020000040000fa
:020000041d01dc
:108b0800000000000000f03f000000000000e03f0f
:108b18000000000000005043000000000000b03fcb
:088b28000000000000002040e5
:020000040000fa
:020000041d01dc
:108b3000e8ffbd271000b0af1400bfafd662400ff2
:108b4000258080001400bf8f251000021000b08f18
:088b50000800e0031800bd2736
:020000040000fa
:020000041d01dc
:108b580002000010251080002510c0000100a52487
:108b6800ffffa38001004624fbff6014ffffc3a0a2
:088b78000800e003000000000a
:020000040000fa
:020000041d01dc
:108b800022035400770069006e00740069006700da
:108b9000200054006100700020005000610064005b
:048ba0007300000c52
:020000040000fa
:020000041d01dc
:108ba400240378002d0069006f0020005400650044
:108bb400630068006e006f006c006f00670069005e
:048bc40065007300d5
:020000040000fa
:020000041d01dc
:108bc800e0ffbd271000a627252800001c00bfaf26
:108bd800d11c400f1000a0af1c00bf8f0800e0039d
:048be8002000bd2785
:020000040000fa
:020000041d01dc
:108bec00144d0080a44d0080f44c0080d44c0080c7
:108bfc0024000080200000801c00008019000080f0
:048c0c0018000080cc
:020000040000fa
:020000041d01dc
:108c100020000000100000002000000020000000e4
:108c2000010000000400000004000000010000003a
:048c3000010000003f
:020000040000fa
:020000041d01dc
:108c3400010000000100000001000000010000002c
:108c4400000000000200000003000000000000001b
:048c5400000000001c
:020000040000fa
:020000041d01dc
:108c58004c2d019d5c2d019d702d019d842d019d44
:108c6800902d019da42d019db02d019db82d019d34
:048c7800c82d019d65
:020000040000fa
:020000041d01dc
:108c7c00d42d019de42d019df82d019d0c2e019dff
:108c8c00182e019d2c2e019d382e019d402e019dec
:048c9c00502e019db8
:020000040000fa
:020000041d01dc
:108ca000200083349fff63241a00632c03006014a8
:108cb00001000224d0ff84240a00822c0800e00373
:048cc00000000000b0
:020000040000fa
:020000041d01dc
:108cc400d0ff83240a00632c0400601401000224f2
:108cd400200084349fff82240600422c0800e00315
:048ce400000000008c
:020000040000fa
:020000041d01dc
:108ce8000080023ca400428ce8ffbd271400bfafff
:108cf800bf63400f0000458c1400bf8f0800e003dd
:048d08001800bd276b
:020000040000fa
:020000041d01dc
:108d0c00e0ffbd272c00a7af2c00a7271c00bfaf8e
:108d1c000152400f1000a7af1c00bf8f0800e003ea
:048d2c002000bd273f
:020000040000fa
:020000041d01dc
:108d30005c8082c3000001245c8081e3fcff201082
:108d4000000000000f0000000800e0030000000029
:020000040000fa
:020000041d01dc
:108d50004219040081bf023cc000462400290300e0
:108d60000a38c57c062087000800e0030100823035
:020000040000fa
:020000041d01dc
:108d7000f8ffbd270400bfaf00606241c0000000e3
:108d80000400bf8f010042300800e0030800bd2747
:020000040000fa
:020000041d01dc
:108d900084bf053ca880848f1002a28ca880838f9a
:108da000fcff6414000000000800e0030000000065
:020000040000fa
:020000041d01dc
:108db0000400998c04002013800005241000868c88
:108dc00008002003140084240800e00300000000d1
:020000040000fa
:020000041d01dc
:108dd000747275650000000066616c7365000000c8
:108de0002225732200000000256600002575000082
:020000040000fa
:020000041d01dc
:108df0000000848ce8ffbd271400bfafc861400f9e
:108e0000000000001400bf8f0800e0031800bd2719
:020000040000fa
:020000041d01dc
:108e1000000000000000f03f0000000000002440bf
:108e2000000000000000504300000000000014405b
:108e3000000000000000e043000000000000e0c36c
:108e4000000000f0ffff1f34000000000000f007ea
:020000040000fa
:020000041d01dc
:108e500000008c90ffffc624010084240000aca019
:108e6000fbffc0140100a5240800e00325108000ca
:020000040000fa
:020000041d01dc
:108e700086bf023c002204003801432421306400f4
:0c8e80000000c5ac0800e003000000008a
:020000040000fa
:020000041d01dc
:108e8c0086bf023c002204003401432421306400dc
:0c8e9c000000c5ac0800e003000000006e
:020000040000fa
:020000041d01dc
:108ea800bfff83241a00632c020060102510800085
:0c8eb800200082340800e00300000000ed
:020000040000fa
:020000041d01dc
:108ec400e8ffbd271400bfaf8457400f02000624fb
:0c8ed4001400bf8f0800e0031800bd2749
:020000040000fa
:020000041d01dc
:108ee000e8ffbd271400bfaf7856400f0000000018
:0c8ef0001400bf8f0800e0031800bd272d
:020000040000fa
:020000041d01dc
:108efc00e8ffbd271400bfaf8c5b400f00000000e3
:0c8f0c001400bf8f0800e0031800bd2710
:020000040000fa
:020000041d01dc
:108f18009fff83241a00632c020060102510800034
:0c8f28005f0082300800e0030000000041
:020000040000fa
:020000041d01dc
:108f3400e8ffbd271400bfaf6662400f00000000c9
:0c8f44001400bf8f0800e0031800bd27d8
:020000040000fa
:020000041d01dc
:108f5000e8ffbd271400bfaf1a64400f00000000f7
:0c8f60001400bf8f0800e0031800bd27bc
:020000040000fa
:020000041d01dc
:108f6c00e8ffbd271400bfaf6c34400f00000000b9
:0c8f7c001400bf8f0800e0031800bd27a0
:020000040000fa
:020000041d01dc
:108f8800e8ffbd271400bfafa658400f000000003f
:0c8f98001400bf8f0800e0031800bd2784
:020000040000fa
:020000041d01dc
:108fa8000000200201020006000000000b0800007b
:088fb8000100000000000000b0
:020000040000fa
:020000041d01dc
:108fc000688082930200401401010324688083a713
:088fd0000800e00300000000ae
:020000040000fa
:020000041d01dc
:108fd800f8ffbd270400bfaf0068024000700240e0
:088fe800ffff00100000000073
:020000040000fa
:020000041d01dc
:108ff000a880828f0e00042401004324a88083af40
:089000008562400b0000000036
:020000040000fa
:020000041d01dc
:109008005477696e74696720546170205061647385
:089018002076312e312e3100cb
:020000040000fa
:020000041d01dc
:1090200000601a40bfff1b3cffff7b3724d05b036f
:0890300000609a4018000042a4
:020000040000fa
:020000041d01dc
:1090380068076c094c836a9074a07ac000806888bd
:0890480000846c82008100002d
:020000040000fa
:020000041d01dc
:10905000000000000000f0bf0000000000003043ee
:08906000000000000000f03fd9
:020000040000fa
:020000041d01dc
:1090680000600444006065440000844400f0a37c70
:089078000800e0030000e344de
:020000040000fa
:020000041d01dc
:10908000ffffc6240000a0a0fdffc0140100a5241e
:089090000800e0032510800038
:020000040000fa
:020000041d01dc
:10909800181e019d1000009d2854019d000000002d
:0490a800c08f019dd7
:020000040000fa
:020000041d01dc
:1090ac001201000202000040d8040a000001010273
:0490bc000001000ca3
:020000040000fa
:020000041d01dc
:1090c0000300000001000200000000003092019d3a
:0490d0009890019dd6
:020000040000fa
:020000041d01dc
:1090d40001000224888082a3848084af0800e00316
:0490e400808085af54
:020000040000fa
:020000041d01dc
:1090e800253034582d253034582d253034582d2529
:0490f80030345800b8
:020000040000fa
:020000041d01dc
:1090fc0000c20100000000000000000000000000a1
:04910c00000000005f
:020000040000fa
:020000041d01dc
:109110000000804020bcbe4c0000803f0000003fab
:049120000000004ffc
:020000040000fa
:020000041d01dc
:109124008090019d508e019dc467019dc467019d7f
:04913400c467019d6e
:020000040000fa
:020000041d01dc
:1091380080bf023c0006438c0800e003c003627c49
:020000040000fa
:020000041d01dc
:1091480080bf023c4012428c0800e003000000008f
:020000040000fa
:020000041d01dc
:1091580080bf023c441244ac0800e0030000000059
:020000040000fa
:020000041d01dc
:10916800e8ffbd271400bfaff663400f0000000002
:020000040000fa
:020000041d01dc
:10917800e8ffbd271400bfaff663400f00000000f2
:020000040000fa
:020000041d01dc
:10918800e8ffbd271400bfaff663400f00000000e2
:020000040000fa
:020000041d01dc
:10919800182d4454fb211940000000000000f03f46
:1091a8007b14ae47e17a843f000000000000e043f2
:020000040000fa
:020000041d01dc
:1091b80020bcbe4c0000803f0000003f0000004f74
:020000040000fa
:020000041d01dc
:1091c80081bf023c6010438c0800e003c001627c50
:020000040000fa
:020000041d01dc
:1091d800696e66696e697479000000006e616e00e0
:1091e800494e4600696e66004e414e006e616e0043
:020000040000fa
:020000041d01dc
:1091f800494e4600696e66004e414e006e616e0033
:020000040000fa
:020000041d01dc
:10920800000000000000e07f000000000000600394
:020000040000fa
:020000041d01dc
:0c921800a48f019da48b019d808b019d03
:020000040000fa
:020000041d01dc
:0c9224000a060002020000400100000cdd
:020000040000fa
:020000041d01dc
:0c9230000100000001000000010000002f
:020000040000fa
:020000041d01dc
:0c923c008c80828f0800e0038c8080afe3
:020000040000fa
:020000041d01dc
:0c924800079d063cf861400b00c0c634d6
:020000040000fa
:020000041d01dc
:0c925400d5dc320001000000000000002a
:020000040000fa
:020000041d01dc
:0c926000b08082930800e00300000000d2
:020000040000fa
:020000041d01dc
:0c926c00010101000000000000000000f3
:020000040000fa
:020000041d01dc
:0c927800010100000000000000000000e8
:020000040000fa
:020000041d01dc
:0c9284007b222573223a25737d0a00002e
:020000040000fa
:020000041d01dc
:0c9290004e2c256c6c752c25730a000018
:020000040000fa
:020000041d01dc
:0c929c00462c256c6c752c25730a000014
:020000040000fa
:020000041d01dc
:0c92a8007b222573223a25737d00000014
:020000040000fa
:020000041d01dc
:0c92b4000080043c1457400b504b8424f5
:020000040000fa
:020000041d01dc
:0c92c0000080043c6400400ba84c842497
:020000040000fa
:020000041d01dc
:0c92cc000080043ccf64400b504b842415
:020000040000fa
:020000041d01dc
:0c92d800286e696c2900000025000000d1
:020000040000fa
:020000041d01dc
:0892e4000800e0030000000097
:020000040000fa
:020000041d01dc
:0892ec000800e003251000005a
:020000040000fa
:020000041d01dc
:0892f4000800e0030000000087
:020000040000fa
:020000041d01dc
:0892fc006d51400b6c80848f62
:020000040000fa
:020000041d01dc
:089304001c4f400b6c80848fac
:020000040000fa
:020000041d01dc
:08930c005c63400b000000004f
:020000040000fa
:020000041d01dc
:089314008f62400b0000000015
:020000040000fa
:020000041d01dc
:08931c00000020410080bb436a
:020000040000fa
:020000041d01dc
:08932400e46f019dc891019d59
:020000040000fa
:020000041d01dc
:08932c00257300002578000004
:020000040000fa
:020000041d01dc
:08933400532c256c6c752c0014
:020000040000fa
:020000041d01dc
:08933c000800e0031400822484
:020000040000fa
:020000041d01dc
:089344000800e003b2808293ef
:020000040000fa
:020000041d01dc
:08934c0076312e312e310000b4
:020000040000fa
:020000041d01dc
:08935400d259400b000000009b
:020000040000fa
:020000041d01dc
:08935c009264400b00000000c8
:020000040000fa
:020000041d01dc
:089364000651400b000000005f
:020000040000fa
:020000041d01dc
:08936c00575d400b00000000fa
:020000040000fa
:020000041d01dc
:089374005849400b0000000005
:020000040000fa
:020000041d01dc
:08937c000800e00300000000fe
:020000040000fa
:020000041d01dc
:089384000800e00300000000f6
:020000040000fa
:020000041d01dc
:08938c00696e66006e616e005f
:020000040000fa
:020000041d01dc
:089394000800e00325100000b1
:020000040000fa
:020000041d01dc
:08939c000800e00325100000a9
:020000040000fa
:020000041d01dc
:0893a4000800e00325100000a1
:020000040000fa
:020000041d01dc
:0893ac000800e0032510000099
:020000040000fa
:020000041d00dd
:0400fc000108803641
:020000040000fa
:020000041d01dc
:048b0400020401085e
:020000040000fa
:020000041d01dc
:048fa40004030904b5
:020000040000fa
:020000041d01dc
:0493b400287e019d71
:020000040000fa
:020000041d01dc
:0493b8006c7e019d29
:020000040000fa
:020000041d01dc
:0493bc00ffffff00b0
:020000040000fa
:020000041d01dc
:0493c000ffff0000ab
:020000040000fa
:020000041d01dc
:0493c4000000ff00a6
:020000040000fa
:020000041d01dc
:0893c800cdcccc3d0000803f3c
:020000040000fa
:020000041d01dc
:0493d0000000803fda
:020000040000fa
:020000041d01dc
:0493d400256600000a
:020000040000fa
:020000041d01dc
:0493d80025730000f9
:020000040000fa
:020000041d01dc
:0493dc000000004f3e
:020000040000fa
:020000041d01dc
:0493e0003f0000004a
:00000001FF
